Value	Qualifier	OSM_ID	PfaI EC50 (Inh)	Pfal IC50 (GSK)	Pfal IC50 (Syngene)	Pfal IC50 (Dundee)	Pfal IC50 (Avery)	Pfal (K1) IC50 (Avery)	Pfal IC50 (Ralph)	Pfal IC50 (Guy)	Pfal (K1) IC50 (Guy)	Pfal IC50 (Batra)	Pfal (K1) IC50 (Batra)	Pfal (3D7) IC50 (Broad)	Pfal (Dd2) IC50 (Broad)	Canonical_Smiles	InChIKey	Pfal_activity	set	ION_NA	ION_0	ION_1	ION_0.5	series_1	series_2	series_3	series_4	series_not4	series_TB
1.829	=	OSM-A-2	0	0	0	0	0	0	0	0	1	0	0	0	0	Cc1cc(\C=C\2/S\C(=N/c3ccccc3)\NC2=O)c(C)n1c4ccc(cc4)C#N	LXPLFPVISCVJSC-BKUYFWCQSA-N	medium	3	1	0	0	0	1	0	0	0	0	0
0.574	=	OSM-A-2	0	0	0	0	0	0	0	1	0	0	0	0	0	Cc1cc(\C=C\2/S\C(=N/c3ccccc3)\NC2=O)c(C)n1c4ccc(cc4)C#N	LXPLFPVISCVJSC-BKUYFWCQSA-N	high	3	1	0	0	0	1	0	0	0	0	0
0.098	=	OSM-A-3	0	0	0	0	0	0	0	1	0	0	0	0	0	Cc1cc(\C=C\2/S\C(=N/c3ccccc3)\NC2=O)c(C)n1c4ccc(I)cc4	LZWDTKNFRNEIKZ-MOSHPQCFSA-N	high	5	1	0	0	0	1	0	0	0	0	0
0.14	=	OSM-A-3	0	0	0	0	0	0	0	0	1	0	0	0	0	Cc1cc(\C=C\2/S\C(=N/c3ccccc3)\NC2=O)c(C)n1c4ccc(I)cc4	LZWDTKNFRNEIKZ-MOSHPQCFSA-N	high	5	1	0	0	0	1	0	0	0	0	0
50	>	OSM-E-1	0	0	0	1	0	0	0	0	0	0	0	0	0	CN(CC(=O)N)S(=O)(=O)c1cc(C)n(c1C)c2ccc(F)cc2	KRDORFFFZGUMFF-UHFFFAOYSA-N	inactive	3	1	0	0	0	1	0	0	0	0	0
50	>	OSM-E-2	0	0	0	1	0	0	0	0	0	0	0	0	0	Cc1cc(c(C)n1c2ccc(F)cc2)S(=O)(=O)NCC(=O)N	RMHRPTFDPMUFGU-UHFFFAOYSA-N	inactive	5	1	0	0	0	1	0	0	0	0	0
50	>	OSM-E-3	0	0	0	1	0	0	0	0	0	0	0	0	0	CN(CC(=O)N)S(=O)(=O)c1c(C)n(c(C)c1S(=O)(=O)N(C)CC(=O)N)c2ccc(F)cc2	TZMPVBDMPWKREJ-UHFFFAOYSA-N	inactive	5	1	0	0	0	1	0	0	0	0	0
50	>	OSM-E-4	0	0	0	1	0	0	0	0	0	0	0	0	0	Fc1ccc(cc1)n2cc(COC(=O)CBr)nn2	UNGOTBWYUGGCJU-UHFFFAOYSA-N	inactive	5	1	0	0	0	1	0	0	0	0	0
50	>	OSM-E-5	0	0	0	1	0	0	0	0	0	0	0	0	0	CCOC(=O)COCc1cn(nn1)c2ccc(F)cc2	OAQNGCWJHOFYIG-UHFFFAOYSA-N	inactive	1	1	0	0	0	1	0	0	0	0	0
50	>	OSM-E-6	0	0	0	1	0	0	0	0	0	0	0	0	0	COC(=O)COCc1cn(nn1)c2ccc(F)cc2	MXCBYXCXBDMCMO-UHFFFAOYSA-N	inactive	2	1	0	0	0	1	0	0	0	0	0
50	>	OSM-E-7	0	0	0	1	0	0	0	0	0	0	0	0	0	Fc1ccc(cc1)n2cc(COCC(=O)OCc3cn(nn3)c4ccc(F)cc4)nn2	CWJPLXSSRWVEAF-UHFFFAOYSA-N	inactive	2	1	0	0	0	1	0	0	0	0	0
50	>	OSM-E-8	0	0	0	1	0	0	0	0	0	0	0	0	0	NC(=O)COCc1cn(nn1)c2ccc(F)cc2	XMSVYANCVZPQJL-UHFFFAOYSA-N	inactive	1	1	0	0	0	1	0	0	0	0	0
5	>	OSM-L-1	0	0	0	0	0	0	0	0	0	0	1	0	0	Cc1cc(\C=C\2/S\C(=N/c3ccccc3)\N(C2=O)c4ccccc4)c(C)n1c5cccc(F)c5	URZLHIHAUACTCO-DUPRQXJUSA-N	inactive	5	1	0	0	0	1	0	0	0	0	0
1	>	OSM-S-2	0	0	0	0	0	0	1	0	0	0	0	0	0	Cc1cc(C=O)c(C)n1c2ccc(F)cc2	COLPZCHNJIVKMV-UHFFFAOYSA-N	inactive	1	1	0	0	0	1	0	0	0	0	0
5	>	OSM-S-2	0	1	0	0	0	0	0	0	0	0	0	0	0	Cc1cc(C=O)c(C)n1c2ccc(F)cc2	COLPZCHNJIVKMV-UHFFFAOYSA-N	inactive	1	1	0	0	0	1	0	0	0	0	0
1	>	OSM-S-3	0	0	0	0	0	0	1	0	0	0	0	0	0	CCOC(=O)c1cc(C)n(c1C)c2ccc(F)cc2	BFRWWAGLFICHEG-UHFFFAOYSA-N	inactive	4	1	0	0	0	1	0	0	0	0	0
5	>	OSM-S-3	0	1	0	0	0	0	0	0	0	0	0	0	0	CCOC(=O)c1cc(C)n(c1C)c2ccc(F)cc2	BFRWWAGLFICHEG-UHFFFAOYSA-N	inactive	3	1	0	0	0	1	0	0	0	0	0
1	>	OSM-S-4	0	0	0	0	0	0	1	0	0	0	0	0	0	Cc1cc(C(=O)O)c(C)n1c2ccc(F)cc2	UHSNGSYVRLIXCX-UHFFFAOYSA-N	inactive	4	0	1	0	0	1	0	0	0	0	0
5	>	OSM-S-4	0	1	0	0	0	0	0	0	0	0	0	0	0	Cc1cc(C(=O)O)c(C)n1c2ccc(F)cc2	UHSNGSYVRLIXCX-UHFFFAOYSA-N	inactive	3	0	1	0	0	1	0	0	0	0	0
0.818	=	OSM-S-5	0	1	0	0	0	0	0	0	0	0	0	0	0	Cc1cc(C(=O)OCC(=O)N)c(C)n1c2ccc(F)cc2	YSUCFIZUNLQZDX-UHFFFAOYSA-N	high	5	0	1	0	0	1	0	0	0	0	0
0.177	=	OSM-S-5	0	1	0	0	0	0	0	0	0	0	0	0	0	Cc1cc(C(=O)OCC(=O)N)c(C)n1c2ccc(F)cc2	YSUCFIZUNLQZDX-UHFFFAOYSA-N	high	1	0	1	0	0	1	0	0	0	0	0
0.404	=	OSM-S-5	0	0	0	0	1	0	0	0	0	0	0	0	0	Cc1cc(C(=O)OCC(=O)N)c(C)n1c2ccc(F)cc2	YSUCFIZUNLQZDX-UHFFFAOYSA-N	high	2	0	1	0	0	1	0	0	0	0	0
0.375	=	OSM-S-5	0	0	0	0	0	1	0	0	0	0	0	0	0	Cc1cc(C(=O)OCC(=O)N)c(C)n1c2ccc(F)cc2	YSUCFIZUNLQZDX-UHFFFAOYSA-N	high	2	0	1	0	0	1	0	0	0	0	0
0.61	=	OSM-S-5	0	0	0	0	0	0	1	0	0	0	0	0	0	Cc1cc(C(=O)OCC(=O)N)c(C)n1c2ccc(F)cc2	YSUCFIZUNLQZDX-UHFFFAOYSA-N	high	1	0	1	0	0	1	0	0	0	0	0
0.581	=	OSM-S-5	0	0	0	0	0	0	0	0	0	1	0	0	0	Cc1cc(C(=O)OCC(=O)N)c(C)n1c2ccc(F)cc2	YSUCFIZUNLQZDX-UHFFFAOYSA-N	high	5	0	1	0	0	1	0	0	0	0	0
0.641	=	OSM-S-5	0	0	0	0	0	0	0	0	0	0	1	0	0	Cc1cc(C(=O)OCC(=O)N)c(C)n1c2ccc(F)cc2	YSUCFIZUNLQZDX-UHFFFAOYSA-N	high	1	0	1	0	0	1	0	0	0	0	0
0.245	=	OSM-S-6	0	1	0	0	0	0	0	0	0	0	0	0	0	CN1N(C(=O)C(=C1C)NC(=O)COC(=O)c2cc(C)n(c2C)c3ccc(F)cc3)c4ccccc4	OFHDGHFNTKVFPI-UHFFFAOYSA-N	high	5	1	0	0	0	1	0	0	0	0	0
0.345	=	OSM-S-6	0	0	0	0	1	0	0	0	0	0	0	0	0	CN1N(C(=O)C(=C1C)NC(=O)COC(=O)c2cc(C)n(c2C)c3ccc(F)cc3)c4ccccc4	OFHDGHFNTKVFPI-UHFFFAOYSA-N	high	5	1	0	0	0	1	0	0	0	0	0
0.152	=	OSM-S-6	0	0	0	0	0	1	0	0	0	0	0	0	0	CN1N(C(=O)C(=C1C)NC(=O)COC(=O)c2cc(C)n(c2C)c3ccc(F)cc3)c4ccccc4	OFHDGHFNTKVFPI-UHFFFAOYSA-N	high	1	1	0	0	0	1	0	0	0	0	0
0.387	=	OSM-S-6	0	0	0	0	0	0	1	0	0	0	0	0	0	CN1N(C(=O)C(=C1C)NC(=O)COC(=O)c2cc(C)n(c2C)c3ccc(F)cc3)c4ccccc4	OFHDGHFNTKVFPI-UHFFFAOYSA-N	high	4	1	0	0	0	1	0	0	0	0	0
5	>	OSM-S-7	0	1	0	0	0	0	0	0	0	0	0	0	0	Cc1cc(C(=O)N(C2CCCCC2)C(=O)NC3CCCCC3)c(C)n1c4ccc(F)cc4	RLPVOMUFRGFVJT-UHFFFAOYSA-N	inactive	2	1	0	0	0	1	0	0	0	0	0
5	>	OSM-S-8	0	1	0	0	0	0	0	0	0	0	0	0	0	CN1N(C(=O)C(=C1C)NC(=O)c2cc(C)n(c2C)c3ccc(F)cc3)c4ccccc4	NVKLEDPUHCCJRE-UHFFFAOYSA-N	inactive	4	1	0	0	0	1	0	0	0	0	0
0.047	=	OSM-S-9	0	1	0	0	0	0	0	0	0	0	0	0	0	CC(=O)N(C1=NC(=O)\C(=C\c2cc(C)n(c2C)c3ccc(F)cc3)\S1)c4ccccc4	WFLINPFRLHPFGO-HMAPJEAMSA-N	high	1	1	0	0	0	1	0	0	0	0	0
0.047	=	OSM-S-9	0	0	0	0	1	0	0	0	0	0	0	0	0	CC(=O)N(C1=NC(=O)\C(=C\c2cc(C)n(c2C)c3ccc(F)cc3)\S1)c4ccccc4	WFLINPFRLHPFGO-HMAPJEAMSA-N	high	5	1	0	0	0	1	0	0	0	0	0
0.066	=	OSM-S-9	0	0	0	0	0	1	0	0	0	0	0	0	0	CC(=O)N(C1=NC(=O)\C(=C\c2cc(C)n(c2C)c3ccc(F)cc3)\S1)c4ccccc4	WFLINPFRLHPFGO-HMAPJEAMSA-N	high	3	1	0	0	0	1	0	0	0	0	0
0.023	=	OSM-S-9	0	0	0	0	0	0	1	0	0	0	0	0	0	CC(=O)N(C1=NC(=O)\C(=C\c2cc(C)n(c2C)c3ccc(F)cc3)\S1)c4ccccc4	WFLINPFRLHPFGO-HMAPJEAMSA-N	high	5	1	0	0	0	1	0	0	0	0	0
0.201	=	OSM-S-10	0	0	0	0	0	0	1	0	0	0	0	0	0	Cc1cc(\C=C\2/S\C(=N/c3ccccc3)\NC2=O)c(C)n1c4ccc(F)cc4	IMCPBTMVWRMBHR-MOSHPQCFSA-N	high	4	1	0	0	0	1	0	0	0	0	0
0.361	=	OSM-S-10	0	0	0	0	0	1	0	0	0	0	0	0	0	Cc1cc(\C=C\2/S\C(=N/c3ccccc3)\NC2=O)c(C)n1c4ccc(F)cc4	IMCPBTMVWRMBHR-MOSHPQCFSA-N	high	4	1	0	0	0	1	0	0	0	0	0
0.032	=	OSM-S-10	0	1	0	0	0	0	0	0	0	0	0	0	0	Cc1cc(\C=C\2/S\C(=N/c3ccccc3)\NC2=O)c(C)n1c4ccc(F)cc4	IMCPBTMVWRMBHR-MOSHPQCFSA-N	high	2	1	0	0	0	1	0	0	0	0	0
0.176	=	OSM-S-10	0	0	0	0	1	0	0	0	0	0	0	0	0	Cc1cc(\C=C\2/S\C(=N/c3ccccc3)\NC2=O)c(C)n1c4ccc(F)cc4	IMCPBTMVWRMBHR-MOSHPQCFSA-N	high	3	1	0	0	0	1	0	0	0	0	0
5	>	OSM-S-16	0	1	0	0	0	0	0	0	0	0	0	0	0	CN1N(C(=O)C(=C1C)NC(=O)CNC(=O)c2ccccc2)c3ccccc3	URWSDMBJVGVIQC-UHFFFAOYSA-N	inactive	3	1	0	0	0	1	0	0	0	0	0
5	>	OSM-S-19	0	1	0	0	0	0	0	0	0	0	0	0	0	Cc1cc(C(=O)NCC(=O)N)c(C)n1c2ccc(F)cc2	NNGDJLZNBQLHHL-UHFFFAOYSA-N	inactive	2	1	0	0	0	1	0	0	0	0	0
5	>	OSM-S-21	0	1	0	0	0	0	0	0	0	0	0	0	0	CN1N(C(=O)C(=C1C)NC(=O)CNC(=O)c2cc(C)n(c2C)c3ccc(F)cc3)c4ccccc4	RRYQCWKAZAVYJI-UHFFFAOYSA-N	inactive	4	1	0	0	0	1	0	0	0	0	0
0.038	=	OSM-S-35	0	0	0	0	1	0	0	0	0	0	0	0	0	Cc1cc(\C=C\2/S\C(=N/c3ccccc3)\NC2=O)c(C)n1c4ccccc4	QTDBAHFMTAMGMZ-ZHZULCJRSA-N	high	2	0	1	0	0	1	0	0	0	0	0
0.011	=	OSM-S-35	0	0	0	0	0	0	1	0	0	0	0	0	0	Cc1cc(\C=C\2/S\C(=N/c3ccccc3)\NC2=O)c(C)n1c4ccccc4	QTDBAHFMTAMGMZ-ZHZULCJRSA-N	high	2	0	1	0	0	1	0	0	0	0	0
0.026	=	OSM-S-35	0	0	0	0	1	0	0	0	0	0	0	0	0	Cc1cc(\C=C\2/S\C(=N/c3ccccc3)\NC2=O)c(C)n1c4ccccc4	QTDBAHFMTAMGMZ-ZHZULCJRSA-N	high	3	0	1	0	0	1	0	0	0	0	0
0.012	=	OSM-S-35	0	1	0	0	0	0	0	0	0	0	0	0	0	Cc1cc(\C=C\2/S\C(=N/c3ccccc3)\NC2=O)c(C)n1c4ccccc4	QTDBAHFMTAMGMZ-ZHZULCJRSA-N	high	5	0	1	0	0	1	0	0	0	0	0
0.036	=	OSM-S-35	0	1	0	0	0	0	0	0	0	0	0	0	0	Cc1cc(\C=C\2/S\C(=N/c3ccccc3)\NC2=O)c(C)n1c4ccccc4	QTDBAHFMTAMGMZ-ZHZULCJRSA-N	high	5	0	1	0	0	1	0	0	0	0	0
0.015	=	OSM-S-37	0	1	0	0	0	0	0	0	0	0	0	0	0	Cc1ccc(cc1)n2c(C)cc(\C=C\3/S\C(=N/c4ccccc4)\NC3=O)c2C	XCTPMKNSBDOHRB-STZFKDTASA-N	high	1	1	0	0	0	1	0	0	0	0	0
0.028	=	OSM-S-37	0	1	0	0	0	0	0	0	0	0	0	0	0	Cc1ccc(cc1)n2c(C)cc(\C=C\3/S\C(=N/c4ccccc4)\NC3=O)c2C	XCTPMKNSBDOHRB-STZFKDTASA-N	high	1	1	0	0	0	1	0	0	0	0	0
0.015	=	OSM-S-37	0	0	0	0	1	0	0	0	0	0	0	0	0	Cc1ccc(cc1)n2c(C)cc(\C=C\3/S\C(=N/c4ccccc4)\NC3=O)c2C	XCTPMKNSBDOHRB-STZFKDTASA-N	high	4	1	0	0	0	1	0	0	0	0	0
0.009	=	OSM-S-37	0	0	0	0	0	0	1	0	0	0	0	0	0	Cc1ccc(cc1)n2c(C)cc(\C=C\3/S\C(=N/c4ccccc4)\NC3=O)c2C	XCTPMKNSBDOHRB-STZFKDTASA-N	high	1	1	0	0	0	1	0	0	0	0	0
0.161	=	OSM-S-37	0	0	0	0	0	0	0	1	0	0	0	0	0	Cc1ccc(cc1)n2c(C)cc(\C=C\3/S\C(=N/c4ccccc4)\NC3=O)c2C	XCTPMKNSBDOHRB-STZFKDTASA-N	high	1	1	0	0	0	1	0	0	0	0	0
0.176	=	OSM-S-37	0	0	0	0	0	0	0	0	1	0	0	0	0	Cc1ccc(cc1)n2c(C)cc(\C=C\3/S\C(=N/c4ccccc4)\NC3=O)c2C	XCTPMKNSBDOHRB-STZFKDTASA-N	high	2	1	0	0	0	1	0	0	0	0	0
0.029	=	OSM-S-38	0	1	0	0	0	0	0	0	0	0	0	0	0	Cc1cc(\C=C\2/S\C(=N/c3ccccc3)\NC2=O)c(C)n1c4ccc(cc4)C(F)(F)F	YBBWTVGRVHTTDD-MOSHPQCFSA-N	high	2	1	0	0	0	1	0	0	0	0	0
0.002	=	OSM-S-38	0	0	0	0	1	0	0	0	0	0	0	0	0	Cc1cc(\C=C\2/S\C(=N/c3ccccc3)\NC2=O)c(C)n1c4ccc(cc4)C(F)(F)F	YBBWTVGRVHTTDD-MOSHPQCFSA-N	high	1	1	0	0	0	1	0	0	0	0	0
0.205	=	OSM-S-38	0	0	0	0	0	0	1	0	0	0	0	0	0	Cc1cc(\C=C\2/S\C(=N/c3ccccc3)\NC2=O)c(C)n1c4ccc(cc4)C(F)(F)F	YBBWTVGRVHTTDD-MOSHPQCFSA-N	high	2	1	0	0	0	1	0	0	0	0	0
0.005	=	OSM-S-39	0	0	0	0	0	0	1	0	0	0	0	0	0	Cc1cc(\C=C\2/S\C(=N/c3ccccc3)\NC2=O)c(C)n1c4cc(cc(c4)C(F)(F)F)C(F)(F)F	GVGNOLWIUGQIHW-UKWGHVSLSA-N	high	5	1	0	0	0	1	0	0	0	0	0
0.007	=	OSM-S-39	0	1	0	0	0	0	0	0	0	0	0	0	0	Cc1cc(\C=C\2/S\C(=N/c3ccccc3)\NC2=O)c(C)n1c4cc(cc(c4)C(F)(F)F)C(F)(F)F	GVGNOLWIUGQIHW-UKWGHVSLSA-N	high	4	1	0	0	0	1	0	0	0	0	0
0.121	=	OSM-S-39	0	1	0	0	0	0	0	0	0	0	0	0	0	Cc1cc(\C=C\2/S\C(=N/c3ccccc3)\NC2=O)c(C)n1c4cc(cc(c4)C(F)(F)F)C(F)(F)F	GVGNOLWIUGQIHW-UKWGHVSLSA-N	high	5	1	0	0	0	1	0	0	0	0	0
0.001	=	OSM-S-39	0	0	0	0	1	0	0	0	0	0	0	0	0	Cc1cc(\C=C\2/S\C(=N/c3ccccc3)\NC2=O)c(C)n1c4cc(cc(c4)C(F)(F)F)C(F)(F)F	GVGNOLWIUGQIHW-UKWGHVSLSA-N	high	4	1	0	0	0	1	0	0	0	0	0
5	>	OSM-S-42	0	1	0	0	0	0	0	0	0	0	0	0	0	Cc1cc(\C=C\2/S\C(=N/c3ccccc3)\N(CC#N)C2=O)c(C)n1c4ccc(cc4)C(F)(F)F	CYTCJKBOZWMCAR-LIOGHISXSA-N	inactive	1	1	0	0	0	1	0	0	0	0	0
5	>	OSM-S-43	0	1	0	0	0	0	0	0	0	0	0	0	0	Cc1cc(\C=C\2/SC(=NC2=O)N(CC#N)c3ccccc3)c(C)n1c4ccc(cc4)C(F)(F)F	ZNJGLEUSFVBSML-JCMHNJIXSA-N	inactive	2	1	0	0	0	1	0	0	0	0	0
0.026	=	OSM-S-45	0	1	0	0	0	0	0	0	0	0	0	0	0	CC(=O)N(C1=NC(=O)\C(=C\c2cc(C)n(c2C)c3ccc(cc3)C(F)(F)F)\S1)c4ccccc4	KOJDOQBSBJSPKC-HMAPJEAMSA-N	high	5	1	0	0	0	1	0	0	0	0	0
0.012	=	OSM-S-45	0	0	0	0	1	0	0	0	0	0	0	0	0	CC(=O)N(C1=NC(=O)\C(=C\c2cc(C)n(c2C)c3ccc(cc3)C(F)(F)F)\S1)c4ccccc4	KOJDOQBSBJSPKC-HMAPJEAMSA-N	high	3	1	0	0	0	1	0	0	0	0	0
0.008	=	OSM-S-45	0	0	0	0	0	0	1	0	0	0	0	0	0	CC(=O)N(C1=NC(=O)\C(=C\c2cc(C)n(c2C)c3ccc(cc3)C(F)(F)F)\S1)c4ccccc4	KOJDOQBSBJSPKC-HMAPJEAMSA-N	high	2	1	0	0	0	1	0	0	0	0	0
0.339	=	OSM-S-48	0	0	0	0	0	0	1	0	0	0	0	0	0	CCOC(=O)c1ccc(cc1)n2c(C)cc(\C=C\3/S\C(=N/c4ccccc4)\NC3=O)c2C	RDXBLRRUYBTFEI-JCMHNJIXSA-N	high	4	1	0	0	0	1	0	0	0	0	0
0.267	=	OSM-S-48	0	1	0	0	0	0	0	0	0	0	0	0	0	CCOC(=O)c1ccc(cc1)n2c(C)cc(\C=C\3/S\C(=N/c4ccccc4)\NC3=O)c2C	RDXBLRRUYBTFEI-JCMHNJIXSA-N	high	3	1	0	0	0	1	0	0	0	0	0
0.169	=	OSM-S-48	0	0	0	0	1	0	0	0	0	0	0	0	0	CCOC(=O)c1ccc(cc1)n2c(C)cc(\C=C\3/S\C(=N/c4ccccc4)\NC3=O)c2C	RDXBLRRUYBTFEI-JCMHNJIXSA-N	high	4	1	0	0	0	1	0	0	0	0	0
0.085	=	OSM-S-49	0	1	0	0	0	0	0	0	0	0	0	0	0	CC(=O)N(C1=NC(=O)\C(=C\c2cc(C)n(c2C)c3ccccc3)\S1)c4ccccc4	HYCHBJJSXVXDSY-JCMHNJIXSA-N	high	1	1	0	0	0	1	0	0	0	0	0
0.028	=	OSM-S-49	0	0	0	0	0	0	1	0	0	0	0	0	0	CC(=O)N(C1=NC(=O)\C(=C\c2cc(C)n(c2C)c3ccccc3)\S1)c4ccccc4	HYCHBJJSXVXDSY-JCMHNJIXSA-N	high	2	1	0	0	0	1	0	0	0	0	0
0.063	=	OSM-S-49	0	0	0	0	1	0	0	0	0	0	0	0	0	CC(=O)N(C1=NC(=O)\C(=C\c2cc(C)n(c2C)c3ccccc3)\S1)c4ccccc4	HYCHBJJSXVXDSY-JCMHNJIXSA-N	high	1	1	0	0	0	1	0	0	0	0	0
0.025	=	OSM-S-50	0	1	0	0	0	0	0	0	0	0	0	0	0	CC(=O)N(C1=NC(=O)\C(=C\c2cc(C)n(c2C)c3ccc(C)cc3)\S1)c4ccccc4	RZFIAJJLMRMIBB-HAHDFKILSA-N	high	4	1	0	0	0	1	0	0	0	0	0
0.326	=	OSM-S-50	0	0	0	0	1	0	0	0	0	0	0	0	0	CC(=O)N(C1=NC(=O)\C(=C\c2cc(C)n(c2C)c3ccc(C)cc3)\S1)c4ccccc4	RZFIAJJLMRMIBB-HAHDFKILSA-N	high	2	1	0	0	0	1	0	0	0	0	0
0.156	=	OSM-S-50	0	0	0	0	0	0	1	0	0	0	0	0	0	CC(=O)N(C1=NC(=O)\C(=C\c2cc(C)n(c2C)c3ccc(C)cc3)\S1)c4ccccc4	RZFIAJJLMRMIBB-HAHDFKILSA-N	high	1	1	0	0	0	1	0	0	0	0	0
0.309	=	OSM-S-51	0	1	0	0	0	0	0	0	0	0	0	0	0	Cc1cc(\C=C\2/S\C(=N/c3ccccc3)\NC2=O)c(C)n1c4ccccn4	WFGBKPBKZGJAHY-AQTBWJFISA-N	high	4	0	1	0	0	1	0	0	0	0	0
0.048	=	OSM-S-51	0	1	0	0	0	0	0	0	0	0	0	0	0	Cc1cc(\C=C\2/S\C(=N/c3ccccc3)\NC2=O)c(C)n1c4ccccn4	WFGBKPBKZGJAHY-AQTBWJFISA-N	high	2	0	1	0	0	1	0	0	0	0	0
0.307	=	OSM-S-51	0	0	0	0	1	0	0	0	0	0	0	0	0	Cc1cc(\C=C\2/S\C(=N/c3ccccc3)\NC2=O)c(C)n1c4ccccn4	WFGBKPBKZGJAHY-AQTBWJFISA-N	high	3	0	1	0	0	1	0	0	0	0	0
0.442	=	OSM-S-51	0	0	0	0	0	0	1	0	0	0	0	0	0	Cc1cc(\C=C\2/S\C(=N/c3ccccc3)\NC2=O)c(C)n1c4ccccn4	WFGBKPBKZGJAHY-AQTBWJFISA-N	high	2	0	1	0	0	1	0	0	0	0	0
0.485	=	OSM-S-52	0	0	0	0	0	0	1	0	0	0	0	0	0	Cc1cc(\C=C\2/S\C(=N/c3ccccc3)\N(C2=O)c4ccccc4)c(C)n1c5ccc(cc5)C(F)(F)F	SACGGTIRNSKYBF-QVWDHFDZSA-N	high	4	1	0	0	0	1	0	0	0	0	0
0.372	=	OSM-S-52	0	1	0	0	0	0	0	0	0	0	0	0	0	Cc1cc(\C=C\2/S\C(=N/c3ccccc3)\N(C2=O)c4ccccc4)c(C)n1c5ccc(cc5)C(F)(F)F	SACGGTIRNSKYBF-QVWDHFDZSA-N	high	4	1	0	0	0	1	0	0	0	0	0
0.054	=	OSM-S-52	0	0	0	0	1	0	0	0	0	0	0	0	0	Cc1cc(\C=C\2/S\C(=N/c3ccccc3)\N(C2=O)c4ccccc4)c(C)n1c5ccc(cc5)C(F)(F)F	SACGGTIRNSKYBF-QVWDHFDZSA-N	high	4	1	0	0	0	1	0	0	0	0	0
0.034	=	OSM-S-54	0	0	0	0	1	0	0	0	0	0	0	0	0	Cc1cc(\C=C\2/S\C(=N/c3ccccc3)\N(C4CCCC4)C2=O)c(C)n1c5ccc(cc5)C(F)(F)F	BDDWBUPMEFMPPN-BUWRXKIYSA-N	high	3	1	0	0	0	1	0	0	0	0	0
0.276	=	OSM-S-54	0	1	0	0	0	0	0	0	0	0	0	0	0	Cc1cc(\C=C\2/S\C(=N/c3ccccc3)\N(C4CCCC4)C2=O)c(C)n1c5ccc(cc5)C(F)(F)F	BDDWBUPMEFMPPN-BUWRXKIYSA-N	high	3	1	0	0	0	1	0	0	0	0	0
0.52	=	OSM-S-54	0	0	0	0	0	0	1	0	0	0	0	0	0	Cc1cc(\C=C\2/S\C(=N/c3ccccc3)\N(C4CCCC4)C2=O)c(C)n1c5ccc(cc5)C(F)(F)F	BDDWBUPMEFMPPN-BUWRXKIYSA-N	high	3	1	0	0	0	1	0	0	0	0	0
5	>	OSM-S-55	0	1	0	0	0	0	0	0	0	0	0	0	0	O=C1N\C(=N\c2ccccc2)\S/C/1=C\c3ccccc3	AXMGOWZVQOLCDR-KAMYIIQDSA-N	inactive	4	1	0	0	0	1	0	0	0	0	0
1.2	=	OSM-S-108	0	0	0	0	1	0	0	0	0	0	0	0	0	Cc1cc(C=C2SC(=Nc3ccccc3)NC2=O)c(C)[nH]1	RARJKBCELXYZBB-UHFFFAOYSA-N	medium	5	1	0	0	0	1	0	0	0	0	0
0.262	=	OSM-S-109	0	0	0	0	1	0	0	0	0	0	0	0	0	Cc1cc(\C=C\2/S\C(=N/c3ccccc3)\NC2=O)c(C)n1c4ccc(cc4)[N+](=O)[O-]	CHHZBZWZMLCOEW-MOSHPQCFSA-N	high	3	1	0	0	0	1	0	0	0	0	0
2.3	=	OSM-S-110	0	0	0	0	1	0	0	0	0	0	0	0	0	Cc1cc(\C=C\2/S\C(=N/c3cccc(O)c3)\NC2=O)c(C)n1c4ccc(cc4)[N+](=O)[O-]	NAHYEQMJTBIJRP-JAIQZWGSSA-N	medium	1	1	0	0	0	1	0	0	0	0	0
0.204	=	OSM-S-111	0	0	0	0	0	0	0	0	1	0	0	0	0	COc1ccc(cc1)n2c(C)cc(\C=C\3/S\C(=N/c4ccccc4)\NC3=O)c2C	KXIVXNPEYYNDHE-STZFKDTASA-N	high	3	0	0	1	0	1	0	0	0	0	0
0.146	=	OSM-S-111	0	0	0	0	1	0	0	0	0	0	0	0	0	COc1ccc(cc1)n2c(C)cc(\C=C\3/S\C(=N/c4ccccc4)\NC3=O)c2C	KXIVXNPEYYNDHE-STZFKDTASA-N	high	3	0	0	1	0	1	0	0	0	0	0
0.147	=	OSM-S-111	0	0	0	0	0	0	0	1	0	0	0	0	0	COc1ccc(cc1)n2c(C)cc(\C=C\3/S\C(=N/c4ccccc4)\NC3=O)c2C	KXIVXNPEYYNDHE-STZFKDTASA-N	high	1	0	0	1	0	1	0	0	0	0	0
1.6	=	OSM-S-112	0	0	0	0	1	0	0	0	0	0	0	0	0	COc1ccc(cc1)n2c(C)cc(\C=C\3/S\C(=N/c4cccc(O)c4)\NC3=O)c2C	RTYHWQWUZGEAOW-MTJSOVHGSA-N	medium	2	1	0	0	0	1	0	0	0	0	0
1.2	=	OSM-S-114	0	0	0	0	1	0	0	0	0	0	0	0	0	Cc1cc(\C=C\2/S\C(=N/c3cccc(O)c3)\NC2=O)c(C)n1c4ccccc4	ASANPQFHMMSZFH-NDENLUEZSA-N	medium	4	1	0	0	0	1	0	0	0	0	0
1.8	=	OSM-S-115	0	0	0	0	1	0	0	0	0	0	0	0	0	Cc1cc(\C=C\2/S\C(=N/c3ccc(O)cc3)\NC2=O)c(C)n1c4ccccc4	OIEJMTDGFAFKDZ-MOSHPQCFSA-N	medium	1	1	0	0	0	1	0	0	0	0	0
2.3	=	OSM-S-138	0	0	0	0	1	0	0	0	0	0	0	0	0	Cc1cc(\C=C\2/S\C(=N/c3ccccc3)\NC2=O)c(C)n1c4ccc(N)cc4	HRLJSVOIZGABSH-MOSHPQCFSA-N	medium	5	1	0	0	0	1	0	0	0	0	0
40	>	OSM-S-66	0	0	0	0	1	0	0	0	0	0	0	0	0	C(Sc1nc[nH]n1)c2ccccc2	IQQYSQRJFHUASD-UHFFFAOYSA-N	inactive	1	1	0	0	0	0	1	0	0	0	0
50	>	OSM-E-24	0	0	1	0	0	0	0	0	0	0	0	0	0	Nc1ncnc2cc(sc12)C3CC=CC(=C3)S(=O)(=O)N4CCCC4	WJXQKMZKHUBIMH-UHFFFAOYSA-N	inactive	3	1	0	0	0	0	0	1	0	0	0
50	>	OSM-E-25	0	0	1	0	0	0	0	0	0	0	0	0	0	Cc1c(sc2c(N)ncnc12)c3cccc(c3)S(=O)(=O)N	JIUOPNISLOOEPA-UHFFFAOYSA-N	inactive	5	1	0	0	0	0	0	1	0	0	0
50	>	OSM-E-26	0	0	1	0	0	0	0	0	0	0	0	0	0	CC1C=CC(=CC1c2sc3c(N)ncnc3c2C)S(=O)(=O)N	OTALAHLJTGALQU-UHFFFAOYSA-N	inactive	5	1	0	0	0	0	0	1	0	0	0
50	>	OSM-E-27	0	0	1	0	0	0	0	0	0	0	0	0	0	NS(=O)(=O)c1cccc(c1)c2cc3ncnc(NCCO)c3s2	MMGBHQAWBVFGDD-UHFFFAOYSA-N	inactive	5	1	0	0	0	0	0	1	0	0	0
50	>	OSM-E-32	0	0	0	1	0	0	0	0	0	0	0	0	0	Cc1ccc(cc1c2cc3ncnc(N)c3s2)S(=O)(=O)N	CEKVBYOWKFYMGL-UHFFFAOYSA-N	inactive	1	0	0	1	0	0	0	1	0	0	0
40	>	OSM-S-65	0	0	0	0	1	0	0	0	0	0	0	0	0	Oc1ncnc2cc(I)sc12	YNWYDHQWPQXICN-UHFFFAOYSA-N	inactive	2	1	0	0	0	0	0	1	0	0	0
40	>	OSM-S-69	0	0	0	0	1	0	0	0	0	0	0	0	0	COC(=O)c1sccc1NC=O	LBYBTIGBOUMNTH-UHFFFAOYSA-N	inactive	2	1	0	0	0	0	0	1	0	0	0
40	>	OSM-S-70	0	0	0	0	1	0	0	0	0	0	0	0	0	Clc1ncnc2ccsc12	TWTODSLDHCDLDR-UHFFFAOYSA-N	inactive	1	1	0	0	0	0	0	1	0	0	0
40	>	OSM-S-71	0	0	0	0	1	0	0	0	0	0	0	0	0	Nc1ncnc2ccsc12	QIZMFTNGJPBSBT-UHFFFAOYSA-N	inactive	5	0	0	1	0	0	0	1	0	0	0
40	>	OSM-S-72	0	0	0	0	1	0	0	0	0	0	0	0	0	O=S(=O)(Nc1ncnc2sc(cc12)c3ccccc3)c4ccccc4	RVVYQPLURRLHLR-UHFFFAOYSA-N	inactive	1	0	0	1	0	0	0	1	0	0	0
40	>	OSM-S-73	0	0	0	0	1	0	0	0	0	0	0	0	0	Cc1ccc(Nc2ncnc3ccsc23)cc1S(=O)=O	ANUSJERLXROAHO-UHFFFAOYSA-N	inactive	5	0	0	1	0	0	0	1	0	0	0
40	>	OSM-S-75	0	0	0	0	1	0	0	0	0	0	0	0	0	COc1ccc(cc1)S(=O)(=O)N2CCC(CC2)Nc3ncnc4ccsc34	AIOKEIOAHBEYFV-UHFFFAOYSA-N	inactive	5	0	0	1	0	0	0	1	0	0	0
40	>	OSM-S-76	0	0	0	0	1	0	0	0	0	0	0	0	0	C[C@H](Nc1ncnc2ccsc12)c3cccc(c3)S(=O)(=O)N	BTENSVAFLZSYCS-VIFPVBQESA-N	inactive	1	0	0	1	0	0	0	1	0	0	0
40	>	OSM-S-77	0	0	0	0	1	0	0	0	0	0	0	0	0	CCOc1ccc(Nc2ncnc3ccsc23)cc1S(=O)(=O)N(C)C	AFXZPMPMWGUDRD-UHFFFAOYSA-N	inactive	4	0	0	1	0	0	0	1	0	0	0
40	>	OSM-S-78	0	0	0	0	1	0	0	0	0	0	0	0	0	NS(=O)(=O)c1ccc(CNc2nc(nc3ccccc23)c4ccsc4)cc1	XAYZAAZFNXFGQQ-UHFFFAOYSA-N	inactive	1	0	0	1	0	0	0	1	0	0	0
40	>	OSM-S-79	0	0	0	0	1	0	0	0	0	0	0	0	0	NS(=O)(=O)c1cccc(CNc2ncnc3ccsc23)c1	MONLYHVADJHNFV-UHFFFAOYSA-N	inactive	5	0	0	1	0	0	0	1	0	0	0
0.13	=	OSM-S-106	0	0	0	1	0	0	0	0	0	0	0	0	0	Nc1ncnc2cc(sc12)c3cccc(c3)S(=O)(=O)N	MQMXDJVOZKMSNT-UHFFFAOYSA-N	high	2	0	1	0	0	0	0	1	0	0	0
0.088	=	OSM-S-106	0	1	0	0	0	0	0	0	0	0	0	0	0	Nc1ncnc2cc(sc12)c3cccc(c3)S(=O)(=O)N	MQMXDJVOZKMSNT-UHFFFAOYSA-N	high	1	0	1	0	0	0	0	1	0	0	0
0.036	=	OSM-S-106	0	0	0	0	1	0	0	0	0	0	0	0	0	Nc1ncnc2cc(sc12)c3cccc(c3)S(=O)(=O)N	MQMXDJVOZKMSNT-UHFFFAOYSA-N	high	3	0	1	0	0	0	0	1	0	0	0
40	>	OSM-S-118	0	0	0	0	1	0	0	0	0	0	0	0	0	c1ccc(cc1)c2ncnc3ccsc23	ROUKINVYJAEUCD-UHFFFAOYSA-N	inactive	3	0	0	1	0	0	0	1	0	0	0
40	>	OSM-S-119	0	0	0	0	1	0	0	0	0	0	0	0	0	Brc1sc2c(ncnc2c1Br)c3ccccc3	MHSGERTZTNZZKP-UHFFFAOYSA-N	inactive	5	0	0	1	0	0	0	1	0	0	0
40	>	OSM-S-120	0	0	0	0	1	0	0	0	0	0	0	0	0	Brc1cc2ncnc(c3ccccc3)c2s1	TUFQXFIDQNLCGQ-UHFFFAOYSA-N	inactive	4	0	0	1	0	0	0	1	0	0	0
40	>	OSM-S-122	0	0	0	0	1	0	0	0	0	0	0	0	0	c1ccc(cc1)c2cc3ncnc(c4ccccc4)c3s2	QDXZKUSOZDDGPU-UHFFFAOYSA-N	inactive	3	0	0	1	0	0	0	1	0	0	0
40	>	OSM-S-123	0	0	0	0	1	0	0	0	0	0	0	0	0	Nc1ncnc2cc(sc12)c3ccccc3	WQVHTLKGGYMXIO-UHFFFAOYSA-N	inactive	2	0	0	1	0	0	0	1	0	0	0
40	>	OSM-S-125	0	0	0	0	1	0	0	0	0	0	0	0	0	Brc1cc2ncnc(N3CCOCC3)c2s1	WUXPEHRGQLOSNM-UHFFFAOYSA-N	inactive	4	0	0	1	0	0	0	1	0	0	0
40	>	OSM-S-129	0	0	0	0	1	0	0	0	0	0	0	0	0	Nc1ncnc2cc(sc12)c3ccc(cc3)S(=O)(=O)N	NPCFGALHIPAZAV-UHFFFAOYSA-N	inactive	3	0	0	1	0	0	0	1	0	0	0
40	>	OSM-S-130	0	0	0	0	1	0	0	0	0	0	0	0	0	CN(C)C(=O)c1ccc(cc1)c2cc3ncnc(N)c3s2	XJSSUNQWKKUSSC-UHFFFAOYSA-N	inactive	2	0	0	1	0	0	0	1	0	0	0
40	>	OSM-S-131	0	0	0	0	1	0	0	0	0	0	0	0	0	COc1ccc(cc1)c2cc3ncnc(N)c3s2	DRUQZXVTFOTIEO-UHFFFAOYSA-N	inactive	2	0	0	1	0	0	0	1	0	0	0
40	>	OSM-S-132	0	0	0	0	1	0	0	0	0	0	0	0	0	Nc1ncnc2cc(sc12)c3ccc(cc3)C(=O)N4CCOCC4	KOSDTDDFEYEHDU-UHFFFAOYSA-N	inactive	1	0	0	1	0	0	0	1	0	0	0
40	>	OSM-S-134	0	0	0	0	1	0	0	0	0	0	0	0	0	CN1CCN(CC1)C(=O)c2ccc(cc2)c3cc4ncnc(N)c4s3	OUPUOWHKLRDGOE-UHFFFAOYSA-N	inactive	1	0	0	1	0	0	0	1	0	0	0
40	>	OSM-S-135	0	0	0	0	1	0	0	0	0	0	0	0	0	NC(=O)c1cccc(c1)c2cc3ncnc(N)c3s2	YWVZUIYPEKTRTJ-UHFFFAOYSA-N	inactive	4	0	0	1	0	0	0	1	0	0	0
1.7	=	OSM-S-137	0	0	0	0	1	0	0	0	0	0	0	0	0	NS(=O)(=O)c1cccc(c1)c2cc3ncnc(N4CCN(Cc5ccc(F)cc5)CC4)c3s2	OWXZZWFFXSEZNL-UHFFFAOYSA-N	medium	1	0	0	1	0	0	0	1	0	0	0
5	>	OSM-S-142	0	1	0	0	0	0	0	0	0	0	0	0	0	CN1CCN(CC1)C(=O)c2cccc(c2)c3cc4ncnc(N)c4s3	USHWEAINWXCOHP-UHFFFAOYSA-N	inactive	1	1	0	0	0	0	0	1	0	0	0
25	>	OSM-S-145	0	0	0	1	0	0	0	0	0	0	0	0	0	CN(C)c1ncnc2cc(sc12)c3cccc(c3)S(=O)(=O)N	CGTVWFYTOADSRO-UHFFFAOYSA-N	inactive	2	1	0	0	0	0	0	1	0	0	0
50	>	OSM-S-488	0	0	1	0	0	0	0	0	0	0	0	0	0	CNS(=O)(=O)C1=CC(CC=C1)c2cc3ncnc(N)c3s2	JKCCHEYITLJPCL-UHFFFAOYSA-N	inactive	2	1	0	0	0	0	0	1	0	0	0
50	>	OSM-S-489	0	0	1	0	0	0	0	0	0	0	0	0	0	CN(C)S(=O)(=O)C1=CC(CC=C1)c2cc3ncnc(N)c3s2	KNJTYVZQHQMSEV-UHFFFAOYSA-N	inactive	2	1	0	0	0	0	0	1	0	0	0
40	>	OSM-S-493	0	0	0	0	1	0	0	0	0	0	0	0	0	C1CN(CCO1)c2ncnc3ccsc23	ZEWWLZDNTOZATC-UHFFFAOYSA-N	inactive	4	1	0	0	0	0	0	1	0	0	0
0.231	=	OSM-S-590	0	0	0	0	1	0	0	0	0	0	0	0	0	O=C(NCCN1CCCCC1)N2CCCN(CC2)c3ncnc4cc(sc34)c5ccccc5	RXUDNOCUZUCOGS-UHFFFAOYSA-N	high	4	0	0	1	0	0	0	1	0	0	0
25	>	OSM-S-606	0	0	0	1	0	0	0	0	0	0	0	0	0	Nc1ncnc2c(c[nH]c12)c3cccc(c3)S(=O)(=O)N	AZDIWLYPDODQNA-UHFFFAOYSA-N	inactive	4	0	0	1	0	0	0	1	0	0	0
25	>	OSM-S-641	0	0	0	1	0	0	0	0	0	0	0	0	0	COc1cccc(c1)c2cc3ncnc(SCC(=O)O)c3s2	DYCCEQUNLMNCFJ-UHFFFAOYSA-N	inactive	3	0	0	1	0	0	0	1	0	0	0
25	>	OSM-S-642	0	0	0	1	0	0	0	0	0	0	0	0	0	CC(=O)c1ccc(cn1)c2cc3ncnc(SCC(=O)O)c3s2	LGDNGRNEECNYDP-UHFFFAOYSA-N	inactive	4	0	0	1	0	0	0	1	0	0	0
25	>	OSM-S-643	0	0	0	1	0	0	0	0	0	0	0	0	0	CSc1cccc(c1)c2cc3c(SCC(=O)O)ncnc3s2	MNWOYBNZZSNGOO-UHFFFAOYSA-N	inactive	3	0	0	1	0	0	0	1	0	0	0
25	>	OSM-S-644	0	0	0	1	0	0	0	0	0	0	0	0	0	OC(=O)CSc1ncnc2cc(sc12)c3cccc(OC(F)(F)F)c3	LVPPRPZWXKYNRR-UHFFFAOYSA-N	inactive	4	0	0	1	0	0	0	1	0	0	0
25	>	OSM-S-646	0	0	0	1	0	0	0	0	0	0	0	0	0	OC(=O)CSc1ncnc2cc(sc12)c3cccs3	AWGWMRKFZPUBMU-UHFFFAOYSA-N	inactive	3	0	0	1	0	0	0	1	0	0	0
25	>	OSM-S-647	0	0	0	1	0	0	0	0	0	0	0	0	0	OC(=O)CSc1ncnc2cc(sc12)c3cccc(c3)N4CCOCC4	YNGXIFAWCXNJLT-UHFFFAOYSA-N	inactive	3	0	0	1	0	0	0	1	0	0	0
25	>	OSM-S-648	0	0	0	1	0	0	0	0	0	0	0	0	0	CS(=O)(=O)c1cccc(c1)c2cc3ncnc(SCC(=O)O)c3s2	BTGDYEPQMXMGFI-UHFFFAOYSA-N	inactive	5	0	0	1	0	0	0	1	0	0	0
25	>	OSM-S-649	0	0	0	1	0	0	0	0	0	0	0	0	0	Nc1ncnc2cc(sc12)c3cccc(c3)C(=O)O	JYCLMKQWHKSRJT-UHFFFAOYSA-N	inactive	4	0	0	1	0	0	0	1	0	0	0
0.451	=	OSM-S-175	0	0	0	1	0	0	0	0	0	0	0	0	0	FC(F)Oc1ccc(cc1)c2nnc3cncc(C(=O)Nc4ccnc(c4)C(F)(F)F)n23	UEOZBGRWGZEYED-UHFFFAOYSA-N	high	3	0	0	1	0	0	0	0	1	0	0
10	>	OSM-S-177	0	0	0	1	0	0	0	0	0	0	0	0	0	FC(F)Oc1ccc(cc1)c2nnc3cncc(C(=O)N4Cc5ccccc5C4)n23	ZTZAUSYERGBZNZ-UHFFFAOYSA-N	inactive	3	0	1	0	0	0	0	0	1	0	0
0.534	=	OSM-S-187	0	1	0	0	0	0	0	0	0	0	0	0	0	N#Cc1ccc(cc1)c2nnc3cncc(OCCc4ccccc4)n23	ZUPHNBXHMXOSSS-UHFFFAOYSA-N	high	5	1	0	0	0	0	0	0	1	0	0
0.309	=	OSM-S-189	0	1	0	0	0	0	0	0	0	0	0	0	0	Clc1ccccc1CCOc2cncc3nnc(c4ccc(cc4)C#N)n23	DQNFHRXLTAOFIL-UHFFFAOYSA-N	high	5	1	0	0	0	0	0	0	1	0	0
5	>	OSM-S-201	0	1	0	0	0	0	0	0	0	0	0	0	0	Cc1c(Cl)cccc1NC(=O)c2cncc3nnc(c4ccc(OC(F)F)cc4)n23	IVENWLQUYSRINV-UHFFFAOYSA-N	inactive	5	0	1	0	0	0	0	0	1	0	0
0.242	=	OSM-S-202	0	1	0	0	0	0	0	0	0	0	0	0	0	FC(F)Oc1ccc(cc1)c2nnc3cncc(C(=O)Nc4cccc(Cl)c4)n23	AJGOFYWOTIIYLR-UHFFFAOYSA-N	high	5	0	0	1	0	0	0	0	1	0	0
0.702	=	OSM-S-204	0	0	1	0	0	0	0	0	0	0	0	0	0	FC(F)Oc1ccc(cc1)c2nnc3cncc(C(=O)Nc4cccc(Cl)c4F)n23	WBRLFZGDBUVKSB-UHFFFAOYSA-N	high	1	0	0	0	1	0	0	0	1	0	0
1.002	=	OSM-S-204	0	0	0	1	0	0	0	0	0	0	0	0	0	FC(F)Oc1ccc(cc1)c2nnc3cncc(C(=O)Nc4cccc(Cl)c4F)n23	WBRLFZGDBUVKSB-UHFFFAOYSA-N	medium	3	0	0	0	1	0	0	0	1	0	0
0.309	=	OSM-S-206	0	1	0	0	0	0	0	0	0	0	0	0	0	FC(F)Oc1ccc(cc1)c2nnc3cncc(C(=O)Nc4cc(cc(c4)C(F)(F)F)C(F)(F)F)n23	GCJUFPUQPKTUOT-UHFFFAOYSA-N	high	2	1	0	0	0	0	0	0	1	0	0
1.13	=	OSM-S-208;OSM-S-218;OSM-S-416	0	0	0	1	0	0	0	0	0	0	0	0	0	COC(COc1cncc2nnc(c3ccc(cc3)C#N)n12)c4ccc(F)c(F)c4	PERKBMZWWUEZNJ-UHFFFAOYSA-N	medium	5	0	0	1	0	0	0	0	1	0	0
0.207	=	OSM-S-208;OSM-S-218;OSM-S-416	0	1	0	0	0	0	0	0	0	0	0	0	0	COC(COc1cncc2nnc(c3ccc(cc3)C#N)n12)c4ccc(F)c(F)c4	PERKBMZWWUEZNJ-UHFFFAOYSA-N	high	5	0	0	1	0	0	0	0	1	0	0
0.146	=	OSM-S-208;OSM-S-218;OSM-S-416	0	0	0	1	0	0	0	0	0	0	0	0	0	COC(COc1cncc2nnc(c3ccc(cc3)C#N)n12)c4ccc(F)c(F)c4	PERKBMZWWUEZNJ-UHFFFAOYSA-N	high	1	0	0	1	0	0	0	0	1	0	0
0.43	=	OSM-S-208;OSM-S-218;OSM-S-416	0	0	0	1	0	0	0	0	0	0	0	0	0	COC(COc1cncc2nnc(c3ccc(cc3)C#N)n12)c4ccc(F)c(F)c4	PERKBMZWWUEZNJ-UHFFFAOYSA-N	high	2	0	0	1	0	0	0	0	1	0	0
0.966	=	OSM-S-254	0	0	0	1	0	0	0	0	0	0	0	0	0	Cc1ccc(Cl)cc1NC(=O)c2cncc3nnc(c4ccc(OC(F)F)cc4)n23	QKXZFYOMVFGRGS-UHFFFAOYSA-N	high	5	0	0	0	1	0	0	0	1	0	0
0.391	=	OSM-S-254	0	0	1	0	0	0	0	0	0	0	0	0	0	Cc1ccc(Cl)cc1NC(=O)c2cncc3nnc(c4ccc(OC(F)F)cc4)n23	QKXZFYOMVFGRGS-UHFFFAOYSA-N	high	1	0	0	0	1	0	0	0	1	0	0
10	>	OSM-S-255	0	0	1	0	0	0	0	0	0	0	0	0	0	COc1ccc(cc1)c2nnc3cncc(C(=O)Nc4cccc(Cl)c4C)n23	LIAWHOKMZQICES-UHFFFAOYSA-N	inactive	5	1	0	0	0	0	0	0	1	0	0
1.06	=	OSM-S-257	0	0	1	0	0	0	0	0	0	0	0	0	0	COc1ccc(cc1)c2nnc3cncc(C(=O)Nc4cc(Cl)ccc4C)n23	NFXWTMUWMZSIFL-UHFFFAOYSA-N	medium	5	1	0	0	0	0	0	0	1	0	0
10	>	OSM-S-258	0	0	1	0	0	0	0	0	0	0	0	0	0	Clc1ccccc1CCOc2cncc3nnc(c4ccncc4)n23	ONSVYVKJKRCBFG-UHFFFAOYSA-N	inactive	5	1	0	0	0	0	0	0	1	0	0
0.452	=	OSM-S-259	0	0	1	0	0	0	0	0	0	0	0	0	0	Fc1ccc(COc2cncc3nnc(c4ccc(Cl)cc4)n23)cc1F	RFVLCVGXWWXLGJ-UHFFFAOYSA-N	high	5	1	0	0	0	0	0	0	1	0	0
0.281	=	OSM-S-260	0	0	1	0	0	0	0	0	0	0	0	0	0	FC(F)Oc1ccc(cc1)c2nnc3cncc(OCCc4ccc(F)c(F)c4)n23	DEEWBVYNQGALDU-UHFFFAOYSA-N	high	1	1	0	0	0	0	0	0	1	0	0
10	>	OSM-S-262	0	0	1	0	0	0	0	0	0	0	0	0	0	Clc1cccc(NC(=O)c2cncc3nnc(c4ccccn4)n23)c1	GCBSUHZLELOHDM-UHFFFAOYSA-N	inactive	1	1	0	0	0	0	0	0	1	0	0
10	>	OSM-S-263	0	0	1	0	0	0	0	0	0	0	0	0	0	Clc1cccc(NC(=O)c2cncc3nnc(c4cccnc4)n23)c1	AQSNHWMTHMLNFL-UHFFFAOYSA-N	inactive	2	1	0	0	0	0	0	0	1	0	0
0.285	=	OSM-S-265	0	0	1	0	0	0	0	0	0	0	0	0	0	COC(COc1cncc2nnc(c3ccc(cc3)C#N)n12)c4ccccc4	QAGSTSUWCMAMBB-UHFFFAOYSA-N	high	4	1	0	0	0	0	0	0	1	0	0
0.234	=	OSM-S-271	0	0	1	0	0	0	0	0	0	0	0	0	0	FC(F)(F)Oc1ccc(cc1)c2nnc3cncc(C(=O)Nc4cccc(Cl)c4)n23	KPPYAXXEDYTONY-UHFFFAOYSA-N	high	1	1	0	0	0	0	0	0	1	0	0
0.143	=	OSM-S-272	0	0	0	1	0	0	0	0	0	0	0	0	0	Fc1ccc(CCOc2cncc3nnc(c4ccc(Cl)cc4)n23)cc1F	PMHUSEXABGDNGS-UHFFFAOYSA-N	high	5	0	0	1	0	0	0	0	1	0	0
0.0493	=	OSM-S-272	0	0	0	0	0	0	0	0	0	0	0	1	0	Fc1ccc(CCOc2cncc3nnc(c4ccc(Cl)cc4)n23)cc1F	PMHUSEXABGDNGS-UHFFFAOYSA-N	high	3	0	0	1	0	0	0	0	1	0	0
0.0447	=	OSM-S-272	0	0	0	0	0	0	0	0	0	0	0	0	1	Fc1ccc(CCOc2cncc3nnc(c4ccc(Cl)cc4)n23)cc1F	PMHUSEXABGDNGS-UHFFFAOYSA-N	high	5	0	0	1	0	0	0	0	1	0	0
5	>	OSM-S-275	0	0	1	0	0	0	0	0	0	0	0	0	0	OC(COc1cncc2nnc(C3CCCCC3)n12)c4ccccc4	LWDWZIVAQMSZHL-UHFFFAOYSA-N	inactive	2	1	0	0	0	0	0	0	1	0	0
10	>	OSM-S-276	0	0	1	0	0	0	0	0	0	0	0	0	0	CCc1nnc2cncc(OCC(O)c3ccccc3)n12	ZMELTVBBQIUHNR-UHFFFAOYSA-N	inactive	1	1	0	0	0	0	0	0	1	0	0
5	>	OSM-S-277	0	0	1	0	0	0	0	0	0	0	0	0	0	OC(COc1cncc2nnc(c3ccccc3)n12)c4ccccc4	HQWUAOFYEUBLBZ-UHFFFAOYSA-N	inactive	5	1	0	0	0	0	0	0	1	0	0
0.264	=	OSM-S-279	0	0	1	0	0	0	0	0	0	0	0	0	0	OC(COc1cncc2nnc(c3ccc(OC(F)F)cc3)n12)c4ccccc4	GEHCMLKWLSBHDX-UHFFFAOYSA-N	high	4	0	0	1	0	0	0	0	1	0	0
0.364	=	OSM-S-279	0	0	0	1	0	0	0	0	0	0	0	0	0	OC(COc1cncc2nnc(c3ccc(OC(F)F)cc3)n12)c4ccccc4	GEHCMLKWLSBHDX-UHFFFAOYSA-N	high	2	0	0	1	0	0	0	0	1	0	0
0.265	=	OSM-S-279	0	0	1	0	0	0	0	0	0	0	0	0	0	OC(COc1cncc2nnc(c3ccc(OC(F)F)cc3)n12)c4ccccc4	GEHCMLKWLSBHDX-UHFFFAOYSA-N	high	3	0	0	1	0	0	0	0	1	0	0
10	>	OSM-S-280	0	0	1	0	0	0	0	0	0	0	0	0	0	COc1cncc2nnc(c3ccc(OC(F)F)cc3)n12	DEPSYKMVBIYBIU-UHFFFAOYSA-N	inactive	1	1	0	0	0	0	0	0	1	0	0
10	>	OSM-S-281	0	0	1	0	0	0	0	0	0	0	0	0	0	CN[C@@H](COc1cncc2nnc(c3ccc(OC(F)F)cc3)n12)c4ccccc4	NXAYCBUWEUBZHA-KRWDZBQOSA-N	inactive	5	1	0	0	0	0	0	0	1	0	0
2.498	=	OSM-S-283	0	0	1	0	0	0	0	0	0	0	0	0	0	NC(COc1cncc2nnc(c3ccc(OC(F)F)cc3)n12)c4ccccc4	APNVCAYADQJJBZ-UHFFFAOYSA-N	medium	5	1	0	0	0	0	0	0	1	0	0
1.502	=	OSM-S-283	0	0	1	0	0	0	0	0	0	0	0	0	0	NC(COc1cncc2nnc(c3ccc(OC(F)F)cc3)n12)c4ccccc4	APNVCAYADQJJBZ-UHFFFAOYSA-N	medium	1	1	0	0	0	0	0	0	1	0	0
5	>	OSM-S-291	0	0	1	0	0	0	0	0	0	0	0	0	0	Clc1ccccc1c2nnc3cncc(OCCc4ccccc4)n23	KVOZVIJYWCGSOW-UHFFFAOYSA-N	inactive	5	1	0	0	0	0	0	0	1	0	0
2.5	>	OSM-S-292	0	0	1	0	0	0	0	0	0	0	0	0	0	Clc1cccc(c1)c2nnc3cncc(OCCc4ccccc4)n23	CEOXEGPHOBLFBL-UHFFFAOYSA-N	inactive	1	1	0	0	0	0	0	0	1	0	0
0.166	=	OSM-S-293	0	0	0	1	0	0	0	0	0	0	0	0	0	Clc1ccc(cc1)c2nnc3cncc(OCCc4ccccc4)n23	VURCFSOLNXCMTN-UHFFFAOYSA-N	high	4	0	0	1	0	0	0	0	1	0	0
0.0574	=	OSM-S-293	0	0	1	0	0	0	0	0	0	0	0	0	0	Clc1ccc(cc1)c2nnc3cncc(OCCc4ccccc4)n23	VURCFSOLNXCMTN-UHFFFAOYSA-N	high	5	0	0	1	0	0	0	0	1	0	0
1.599	=	OSM-S-294	0	0	1	0	0	0	0	0	0	0	0	0	0	C(Cc1ccccc1)Oc2cncc3nnc(c4ccccc4)n23	YRTHPBSIEMFKFB-UHFFFAOYSA-N	medium	2	1	0	0	0	0	0	0	1	0	0
1.42	=	OSM-S-294	0	0	0	1	0	0	0	0	0	0	0	0	0	C(Cc1ccccc1)Oc2cncc3nnc(c4ccccc4)n23	YRTHPBSIEMFKFB-UHFFFAOYSA-N	medium	2	1	0	0	0	0	0	0	1	0	0
5	>	OSM-S-295	0	0	1	0	0	0	0	0	0	0	0	0	0	Fc1cc(F)cc(c1)c2nnc3cncc(OCCc4ccccc4)n23	OKECEFJCMLFHAN-UHFFFAOYSA-N	inactive	4	1	0	0	0	0	0	0	1	0	0
1.014	=	OSM-S-296	0	0	1	0	0	0	0	0	0	0	0	0	0	C(Cc1ccccc1)Oc2cncc3nnc(c4ccc5OCOc5c4)n23	MMRQZVYZGCDPOA-UHFFFAOYSA-N	medium	1	1	0	0	0	0	0	0	1	0	0
0.415	=	OSM-S-297	0	0	1	0	0	0	0	0	0	0	0	0	0	C(Cc1ccccc1)Oc2cncc3nnc(c4ccc5ccccc5c4)n23	SUHQKLHRXHBOST-UHFFFAOYSA-N	high	5	1	0	0	0	0	0	0	1	0	0
10	>	OSM-S-298	0	0	1	0	0	0	0	0	0	0	0	0	0	Fc1cc(F)cc(c1)c2nnc3cncc(OCc4ccccn4)n23	NQPLGASHZCSICG-UHFFFAOYSA-N	inactive	1	1	0	0	0	0	0	0	1	0	0
10	>	OSM-S-299	0	0	1	0	0	0	0	0	0	0	0	0	0	C(Oc1cncc2nnc(c3ccc4OCOc4c3)n12)c5ccccn5	UEDVUGBYRDYVEK-UHFFFAOYSA-N	inactive	5	1	0	0	0	0	0	0	1	0	0
10	>	OSM-S-300	0	0	1	0	0	0	0	0	0	0	0	0	0	C(Oc1cncc2nnc(c3ccc4ccccc4c3)n12)c5ccccn5	GPNQKUMRVTXOHH-UHFFFAOYSA-N	inactive	3	1	0	0	0	0	0	0	1	0	0
5	>	OSM-S-301	0	0	1	0	0	0	0	0	0	0	0	0	0	FC(F)Oc1ccc(cc1)c2nnc3cncc(OCc4ccccn4)n23	APPUFQJFODJHGW-UHFFFAOYSA-N	inactive	5	1	0	0	0	0	0	0	1	0	0
10	>	OSM-S-328	0	0	0	1	0	0	0	0	0	0	0	0	0	Oc1nccn2c(nnc12)c3ccc(OC(F)F)cc3	NRBGBUNTESVJLL-UHFFFAOYSA-N	inactive	4	0	0	1	0	0	0	0	1	0	0
0.702	=	OSM-S-346	0	0	1	0	0	0	0	0	0	0	0	0	0	CC(Oc1cncc2nnc(c3ccc(OC(F)F)cc3)n12)c4ccc(Cl)c(Cl)c4	ILDZQTSEZGQWFR-UHFFFAOYSA-N	high	3	1	0	0	0	0	0	0	1	0	0
0.529	=	OSM-S-347	0	0	1	0	0	0	0	0	0	0	0	0	0	FC(F)Oc1ccc(cc1)c2nnc3cncc(OCc4ccc(Cl)c(Cl)c4)n23	CSHOSFVEVPHTHZ-UHFFFAOYSA-N	high	2	1	0	0	0	0	0	0	1	0	0
1.636	=	OSM-S-348	0	0	1	0	0	0	0	0	0	0	0	0	0	FC(F)Oc1ccc(cc1)c2nnc3cncc(OCc4ccc(Cl)cc4)n23	ROAUWAVERUYYHI-UHFFFAOYSA-N	medium	5	1	0	0	0	0	0	0	1	0	0
0.582	=	OSM-S-349	0	0	1	0	0	0	0	0	0	0	0	0	0	Fc1ccc(cc1F)c2nnc3cncc(OCCc4ccccc4)n23	DNQWZOZQWWSJTR-UHFFFAOYSA-N	high	2	1	0	0	0	0	0	0	1	0	0
0.709	=	OSM-S-350	0	0	1	0	0	0	0	0	0	0	0	0	0	Clc1ccc(cc1Cl)c2nnc3cncc(OCCc4ccccc4)n23	DJLRRTBQGVDDPH-UHFFFAOYSA-N	high	1	1	0	0	0	0	0	0	1	0	0
0.259	=	OSM-S-351	0	0	1	0	0	0	0	0	0	0	0	0	0	Clc1cccc(c1Cl)c2nnc3cncc(OCCc4ccccc4)n23	NMFGGQYGCNANQR-UHFFFAOYSA-N	high	1	1	0	0	0	0	0	0	1	0	0
0.366	=	OSM-S-352	0	0	1	0	0	0	0	0	0	0	0	0	0	Fc1ccc(cc1)c2nnc3cncc(OCCc4ccccc4)n23	QCWQNZCCYWUBQM-UHFFFAOYSA-N	high	4	1	0	0	0	0	0	0	1	0	0
0.073	=	OSM-S-353	0	0	1	0	0	0	0	0	0	0	0	0	0	OCC(COc1cncc2nnc(c3ccc(OC(F)F)cc3)n12)c4ccccc4	MGANJQKOPZQELF-UHFFFAOYSA-N	high	1	0	0	1	0	0	0	0	1	0	0
0.134	=	OSM-S-353	0	0	0	1	0	0	0	0	0	0	0	0	0	OCC(COc1cncc2nnc(c3ccc(OC(F)F)cc3)n12)c4ccccc4	MGANJQKOPZQELF-UHFFFAOYSA-N	high	1	0	0	1	0	0	0	0	1	0	0
10	>	OSM-S-359	0	0	1	0	0	0	0	0	0	0	0	0	0	FC(F)Oc1ccc(cc1)c2nnc3cncc(SCc4ccccc4)n23	KEZIWQVAJDNGBM-UHFFFAOYSA-N	inactive	3	1	0	0	0	0	0	0	1	0	0
2.5	>	OSM-S-360	0	0	1	0	0	0	0	0	0	0	0	0	0	FC(F)Oc1ccc(cc1)c2nnc3cncc(S(=O)Cc4ccccc4)n23	HSYPMILIAZBMAQ-UHFFFAOYSA-N	inactive	2	1	0	0	0	0	0	0	1	0	0
10	>	OSM-S-361	0	0	1	0	0	0	0	0	0	0	0	0	0	FC(F)Oc1ccc(cc1)c2nnc3cncc(n23)S(=O)(=O)Cc4ccccc4	OCXPXTXAACVDON-UHFFFAOYSA-N	inactive	4	1	0	0	0	0	0	0	1	0	0
10	>	OSM-S-362	0	0	1	0	0	0	0	0	0	0	0	0	0	FC(F)Oc1ccc(cc1)c2nnc3cncc(n4cc(nn4)c5ccccc5)n23	WUWMNWSXMOOYGG-UHFFFAOYSA-N	inactive	5	1	0	0	0	0	0	0	1	0	0
10	>	OSM-S-363	0	0	0	1	0	0	0	0	0	0	0	0	0	FC(F)Oc1ccc(cc1)c2nnc3c(SCCc4ccccc4)nccn23	KBHHUJAAUNEUJP-UHFFFAOYSA-N	inactive	5	0	0	1	0	0	0	0	1	0	0
10	>	OSM-S-364	0	0	0	1	0	0	0	0	0	0	0	0	0	FC(F)Oc1ccc(cc1)c2nnc3cncc(S(=O)CCc4ccccc4)n23	XRLPEWWQEWQISU-UHFFFAOYSA-N	inactive	3	0	1	0	0	0	0	0	1	0	0
10	>	OSM-S-365	0	0	0	1	0	0	0	0	0	0	0	0	0	FC(F)Oc1ccc(cc1)c2nnc3cncc(n23)S(=O)(=O)CCc4ccccc4	VHMNWOXAYNBRAI-UHFFFAOYSA-N	inactive	2	1	0	0	0	0	0	0	1	0	0
0.521	=	OSM-S-366	0	0	0	1	0	0	0	0	0	0	0	0	0	Fc1ccc(CCOc2cncc3nnc(c4ccc(nc4)C(F)(F)F)n23)cc1F	GIBSJTKADOSTIA-UHFFFAOYSA-N	high	2	0	1	0	0	0	0	0	1	0	0
2.239	=	OSM-S-368	0	0	0	1	0	0	0	0	0	0	0	0	0	FC(F)Oc1ccc(cc1)c2nnc3cncc(OCc4ccccc4)n23	BHCAOWNYTVGIBQ-UHFFFAOYSA-N	medium	1	0	0	0	1	0	0	0	1	0	0
0.534	=	OSM-S-369	0	0	0	1	0	0	0	0	0	0	0	0	0	FC(F)Oc1ccc(cc1)c2nnc3cncc(OCCc4ccccc4)n23	AVBCIJLYABLIRW-UHFFFAOYSA-N	high	2	0	0	1	0	0	0	0	1	0	0
0.251	=	OSM-S-369	0	0	0	1	0	0	0	0	0	0	0	0	0	FC(F)Oc1ccc(cc1)c2nnc3cncc(OCCc4ccccc4)n23	AVBCIJLYABLIRW-UHFFFAOYSA-N	high	2	0	0	1	0	0	0	0	1	0	0
0.301	=	OSM-S-369	0	0	0	1	0	0	0	0	0	0	0	0	0	FC(F)Oc1ccc(cc1)c2nnc3cncc(OCCc4ccccc4)n23	AVBCIJLYABLIRW-UHFFFAOYSA-N	high	1	0	0	1	0	0	0	0	1	0	0
1.995	=	OSM-S-370	0	0	0	1	0	0	0	0	0	0	0	0	0	FC(F)Oc1ccc(cc1)c2nnc3cncc(OCCCC45C6C7C8C(C4C68)C57)n23	VWHKKURDRVBXMI-UHFFFAOYSA-N	medium	5	0	0	1	0	0	0	0	1	0	0
0.372	=	OSM-S-371	0	0	0	1	0	0	0	0	0	0	0	0	0	FC(F)Oc1ccc(cc1)c2nnc3cncc(OCCC45C6C7C8C(C4C68)C57)n23	RXAWCKZPAXRRNE-UHFFFAOYSA-N	high	4	0	0	1	0	0	0	0	1	0	0
10	>	OSM-S-372	0	0	0	1	0	0	0	0	0	0	0	0	0	FC(F)Oc1ccc(cc1)c2nnc3cncc(OCc4cn(Cc5ccccc5)nn4)n23	MWSSDSZTHFIITL-UHFFFAOYSA-N	inactive	2	0	1	0	0	0	0	0	1	0	0
10	>	OSM-S-373	0	0	0	1	0	0	0	0	0	0	0	0	0	FC(F)Oc1ccc(cc1)c2nnc3cncc(OCc4cn(nn4)c5ccccc5)n23	JAWVVMAXICVBNV-UHFFFAOYSA-N	inactive	1	0	1	0	0	0	0	0	1	0	0
10	>	OSM-S-374	0	0	0	1	0	0	0	0	0	0	0	0	0	FC(F)Oc1ccc(cc1)c2nnc3cncc(OCc4cn(nn4)c5cncc(Cl)n5)n23	LHPHPSWVDUENHC-UHFFFAOYSA-N	inactive	1	0	1	0	0	0	0	0	1	0	0
10	>	OSM-S-375	0	0	0	1	0	0	0	0	0	0	0	0	0	Fc1ccc(CCOc2cncc3nnc(n23)C45C6C7C4C8C5C6C78I)cc1F	XDGWZNAHVCGVML-UHFFFAOYSA-N	inactive	4	0	1	0	0	0	0	0	1	0	0
0.803	=	OSM-S-376	0	0	0	1	0	0	0	0	0	0	0	0	0	OC(COc1cncc2nnc(c3ccc(cc3)C#N)n12)c4ccc(F)c(F)c4	HHHWRCNBDNZMPN-UHFFFAOYSA-N	high	5	0	0	1	0	0	0	0	1	0	0
10	>	OSM-S-378	0	0	0	1	0	0	0	0	0	0	0	0	0	CN(C)C(COc1cncc2nnc(c3ccc(cc3)C#N)n12)c4ccc(F)c(F)c4	MQNJSHHRLBVVLU-UHFFFAOYSA-N	inactive	1	0	0	1	0	0	0	0	1	0	0
0.398	=	OSM-S-379	0	0	0	1	0	0	0	0	0	0	0	0	0	FC(F)Oc1ccc(cc1)c2nnc3cncc(C(=O)Nc4ccc(F)c(Cl)c4)n23	WFJPUMPZNOYIKX-UHFFFAOYSA-N	high	4	0	0	1	0	0	0	0	1	0	0
10	>	OSM-S-382	0	0	0	1	0	0	0	0	0	0	0	0	0	FC(F)(F)c1cc(NC(=O)c2cncc3nnc(n23)C45C6C7C4C8C5C6C78I)ccn1	BCBDEZPMCZDSAL-UHFFFAOYSA-N	inactive	1	0	1	0	0	0	0	0	1	0	0
0.135	=	OSM-S-383	0	0	0	1	0	0	0	0	0	0	0	0	0	COc1cccc(CCOc2cncc3nnc(c4ccc(OC(F)F)cc4)n23)c1	QAMQLYPPZOESDX-UHFFFAOYSA-N	high	5	0	0	1	0	0	0	0	1	0	0
0.928	=	OSM-S-384	0	0	0	1	0	0	0	0	0	0	0	0	0	COc1ccc(CCOc2cncc3nnc(c4ccc(OC(F)F)cc4)n23)cc1	LPQFPIUFNNSFCQ-UHFFFAOYSA-N	high	5	0	0	1	0	0	0	0	1	0	0
10	>	OSM-S-387	0	0	0	1	0	0	0	0	0	0	0	0	0	Fc1ccc(CCOc2cncc3nncn23)cc1F	YHNADHDORQAQNL-UHFFFAOYSA-N	inactive	2	0	1	0	0	0	0	0	1	0	0
10	>	OSM-S-388	0	0	0	1	0	0	0	0	0	0	0	0	0	Oc1nnc2c(nccn12)N3CCCCC3	TZDXHSBXELOCAE-UHFFFAOYSA-N	inactive	2	0	0	1	0	0	0	0	1	0	0
0.189	=	OSM-S-389	0	0	0	1	0	0	0	0	0	0	0	0	0	CN(C)C(COc1cncc2nnc(c3ccc(OC(F)F)cc3)n12)c4ccc(F)c(F)c4	PMIWBIXSAYKRGF-UHFFFAOYSA-N	high	3	0	0	1	0	0	0	0	1	0	0
0.074	=	OSM-S-390	0	0	0	1	0	0	0	0	0	0	0	0	0	OC(COc1cncc2nnc(c3ccc(OC(F)F)cc3)n12)c4ccc(F)c(F)c4	BXEWPSCIVPVASC-UHFFFAOYSA-N	high	2	0	0	1	0	0	0	0	1	0	0
0.35	=	OSM-S-391	0	0	0	1	0	0	0	0	0	0	0	0	0	Fc1ccc(CCOc2cncc3nnc(c4ccc(I)cc4)n23)cc1F	SYOXDOQMLHMQGB-UHFFFAOYSA-N	high	5	0	0	1	0	0	0	0	1	0	0
0.832	=	OSM-S-392	0	0	0	1	0	0	0	0	0	0	0	0	0	FC(F)Oc1ccc(cc1)c2nnc3cncc(OCC(=O)c4ccc(F)c(F)c4)n23	OPCIMEMUOABUMK-UHFFFAOYSA-N	high	4	0	0	1	0	0	0	0	1	0	0
0.157	=	OSM-S-393	0	0	0	1	0	0	0	0	0	0	0	0	0	COC(COc1cncc2nnc(c3ccc(OC(F)F)cc3)n12)(OC)c4ccc(F)c(F)c4	HFRRKTROCJVLKP-UHFFFAOYSA-N	high	5	0	0	1	0	0	0	0	1	0	0
0.48	=	OSM-S-394	0	0	0	1	0	0	0	0	0	0	0	0	0	FS(F)(F)(F)(F)c1ccc(cc1)c2nnc3cncc(OCCc4ccccc4)n23	PEMORNCGKKXBCP-UHFFFAOYSA-N	high	3	0	0	1	0	0	0	0	1	0	0
2.15	=	OSM-S-395	0	0	0	1	0	0	0	0	0	0	0	0	0	FC(F)Oc1ccc(cc1)c2nnc3cncc(OCCC45CC6CC(CC(C6)C4)C5)n23	BSXLJNOXQMXUOB-CRFYJIHUSA-N	medium	5	0	0	1	0	0	0	0	1	0	0
0.45	=	OSM-S-396	0	0	0	1	0	0	0	0	0	0	0	0	0	CC(Cc1ccccc1)Oc2cncc3nnc(c4ccc(OC(F)F)cc4)n23	HJOHTEUEFDSADX-UHFFFAOYSA-N	high	4	0	0	1	0	0	0	0	1	0	0
0.486	=	OSM-S-398	0	0	0	1	0	0	0	0	0	0	0	0	0	FC(F)Oc1ccc(cc1)c2nnc3cncc(OCC4C[C@@H]5C[C@H]4C=C5)n23	OMOCZBKUEFTIAC-DJIKBVBFSA-N	high	2	0	0	1	0	0	0	0	1	0	0
1.28	=	OSM-S-399	0	0	0	1	0	0	0	0	0	0	0	0	0	CC1(C)[C@H]2CC=C(CCOc3cncc4nnc(c5ccc(OC(F)F)cc5)n34)[C@@H]1C2	PQILDBPUDLGKJU-WMZOPIPTSA-N	medium	1	0	0	1	0	0	0	0	1	0	0
1.37	=	OSM-S-400	0	0	0	1	0	0	0	0	0	0	0	0	0	FC(F)Oc1ccc(cc1)c2nnc3cncc(OCC(=O)c4ccccc4)n23	MQSMCJANEPVRGE-UHFFFAOYSA-N	medium	4	0	0	1	0	0	0	0	1	0	0
1.05	=	OSM-S-404	0	0	0	1	0	0	0	0	0	0	0	0	0	CC1(C)[C@H]2CC=C(CCOc3cncc4nnc(c5ccc(Cl)cc5)n34)[C@@H]1C2	BDWPPKIAXRRNII-WMZOPIPTSA-N	medium	1	0	0	1	0	0	0	0	1	0	0
0.62	=	OSM-S-406	0	0	0	1	0	0	0	0	0	0	0	0	0	Clc1ccc(cc1)c2nnc3cncc(OCC4C[C@@H]5C[C@H]4C=C5)n23	OWTVMOKESSEJOP-DJIKBVBFSA-N	high	1	0	0	1	0	0	0	0	1	0	0
10	>	OSM-S-407	0	0	0	1	0	0	0	0	0	0	0	0	0	O=C(Nc1ccncc1)c2cncc3nnc(c4ccccc4)n23	JWMBXLLOVDKXRE-UHFFFAOYSA-N	inactive	1	0	0	1	0	0	0	0	1	0	0
10	>	OSM-S-408	0	0	0	1	0	0	0	0	0	0	0	0	0	C(Cc1ccccc1)Oc2cncc3nnc(c4ccncc4)n23	BSTOZULDVQMNLS-UHFFFAOYSA-N	inactive	2	0	0	1	0	0	0	0	1	0	0
10	>	OSM-S-409	0	0	0	1	0	0	0	0	0	0	0	0	0	O\N=C(\COc1cncc2nnc(c3ccc(OC(F)F)cc3)n12)/c4ccccc4	VJSBQKQNONLQQJ-QQXSKIMKSA-N	inactive	4	0	0	1	0	0	0	0	1	0	0
2.07	=	OSM-S-411	0	0	0	1	0	0	0	0	0	0	0	0	0	[O-][n+]1ccc(NC(=O)c2cncc3nnc(c4ccc(OC(F)F)cc4)n23)cc1C(F)(F)F	HAVDPBNWKHGTHN-UHFFFAOYSA-N	medium	3	0	0	1	0	0	0	0	1	0	0
10	>	OSM-S-413	0	0	0	1	0	0	0	0	0	0	0	0	0	CO[C@@H](COc1cncc2nnc(c3ccc(cc3)C#N)n12)c4ccc(F)c(F)c4	PERKBMZWWUEZNJ-SFHVURJKSA-N	inactive	5	0	0	1	0	0	0	0	1	0	0
0.89	=	OSM-S-414	0	0	0	1	0	0	0	0	0	0	0	0	0	CO[C@H](COc1cncc2nnc(c3ccc(cc3)C#N)n12)c4ccc(F)c(F)c4	PERKBMZWWUEZNJ-GOSISDBHSA-N	high	5	0	0	1	0	0	0	0	1	0	0
2.15	=	OSM-S-415	0	0	0	1	0	0	0	0	0	0	0	0	0	Fc1ccc(CCOc2cncc3nnc(c4ccccc4)n23)cc1F	RGEIFMMWUNGFHD-UHFFFAOYSA-N	medium	4	0	0	1	0	0	0	0	1	0	0
10	>	OSM-S-417	0	0	0	1	0	0	0	0	0	0	0	0	0	C(Cc1ccccc1)Oc2nnc3c(nccn23)N4CCCCC4	UGDHWGVLTGKDHK-UHFFFAOYSA-N	inactive	4	0	0	1	0	0	0	0	1	0	0
0.05	=	OSM-S-418	0	0	0	1	0	0	0	0	0	0	0	0	0	FC(F)Oc1ccc(cc1)c2nnc3cncc(OCC[C]4567[BH]89%10[BH]%11%12%13[BH]%14%15%16[BH]%11%17%18[BH]%14%19%20[BH]%15%21%22[BH]8%12%16[BH]49%21[CH]5%19%22[BH]6%17%20[BH]7%10%13%18)n23	SFLHYODHFQWECH-UHFFFAOYSA-N	high	1	0	0	1	0	0	0	0	1	0	0
1.58	=	OSM-S-419	0	0	0	1	0	0	0	0	0	0	0	0	0	FC(F)Oc1ccc(cc1)c2nnc3cncc(OCC(N4CCOCC4)c5ccccc5)n23	NLNZVWQRJHUCOA-UHFFFAOYSA-N	medium	3	0	0	1	0	0	0	0	1	0	0
10	>	OSM-S-420	0	0	0	1	0	0	0	0	0	0	0	0	0	OCc1ccc(COc2cncc3nnc(c4ccc(OC(F)F)cc4)n23)cc1	VIQWBWLDUDXSBJ-UHFFFAOYSA-N	inactive	5	0	0	1	0	0	0	0	1	0	0
10	>	OSM-S-421	0	0	0	1	0	0	0	0	0	0	0	0	0	FC(F)Oc1ccc(cc1)c2nnc3cncc(OCCN4CC5(COC5)C4)n23	CWOUGAWUCYKRFC-UHFFFAOYSA-N	inactive	5	0	0	1	0	0	0	0	1	0	0
10	>	OSM-S-422	0	0	0	1	0	0	0	0	0	0	0	0	0	FC(F)Oc1ccc(cc1)c2nnc3cncc(OCCC4COC4)n23	VMXSRABLXQMXLK-UHFFFAOYSA-N	inactive	3	0	0	1	0	0	0	0	1	0	0
0.667	=	OSM-S-423	0	0	0	1	0	0	0	0	0	0	0	0	0	FC(F)Oc1ccc(cc1)c2nnc3cncc(OCC4(OCCO4)c5ccc(F)c(F)c5)n23	UAZNIGDYRZOARG-UHFFFAOYSA-N	high	4	0	0	1	0	0	0	0	1	0	0
1.9	=	OSM-S-424	0	0	0	1	0	0	0	0	0	0	0	0	0	FC(F)Oc1ccc(cc1)c2nnc3cncc(OCC[C]456[BH]78[BH2]9%10%11[BH2]%12%13([BH]9%14%15[BH]7%10%16[BH]%14%17%18[BH]%12%15%19[BH]4%17([BH]58%16%18)[CH]6%13%19)[H-]%11)n23	HSOGMBLBROIABT-UHFFFAOYSA-N	medium	2	0	0	1	0	0	0	0	1	0	0
10	>	OSM-S-430	0	0	0	1	0	0	0	0	0	0	0	0	0	CCN(CC)C(COc1cncc2nnc(c3ccc(OC(F)F)cc3)n12)c4ccc(F)c(F)c4	FFKUJTSUMDVIQH-UHFFFAOYSA-N	inactive	2	0	0	1	0	0	0	0	1	0	0
10	>	OSM-S-432	0	0	0	1	0	0	0	0	0	0	0	0	0	Fc1ccc(CCOc2cncc3nnc(Br)n23)cc1F	MNOZFILPXCZGRJ-UHFFFAOYSA-N	inactive	5	0	0	1	0	0	0	0	1	0	0
1.08	=	OSM-S-433	0	0	0	1	0	0	0	0	0	0	0	0	0	FC(F)Oc1ccc(cc1)c2nnc3cncc(OCCC4C5C6CC7C4C8C5CC6C78)n23	XRVKLGJFLBVBHV-UHFFFAOYSA-N	medium	4	0	0	1	0	0	0	0	1	0	0
1.15	=	OSM-S-486	0	0	0	1	0	0	0	0	0	0	0	0	0	OCC(COc1cncc2nnc(c3ccc(OC(F)F)cc3)n12)c4ccc(cc4)C(F)(F)F	PDJUGAPLRLVSPE-UHFFFAOYSA-N	medium	3	0	0	1	0	0	0	0	1	0	0
10	>	OSM-S-494	0	0	0	1	0	0	0	0	0	0	0	0	0	NC(=O)c1ccc(cc1)c2nnc3cncc(OCCc4ccc(F)c(F)c4)n23	INLVQLIAJLYDGP-UHFFFAOYSA-N	inactive	4	0	0	1	0	0	0	0	1	0	0
10	>	OSM-S-495	0	0	0	1	0	0	0	0	0	0	0	0	0	NC(=O)c1cccc(c1)c2nnc3cncc(OCCc4ccc(F)c(F)c4)n23	SUVZMBHYRLCWQO-UHFFFAOYSA-N	inactive	5	0	0	1	0	0	0	0	1	0	0
10	>	OSM-S-497	0	0	0	1	0	0	0	0	0	0	0	0	0	FC(F)Oc1ccc(cc1)c2nnc3cncc(OCCN4CCNCC4)n23	PLMTYPFHNQBXCS-UHFFFAOYSA-N	inactive	3	0	0	1	0	0	0	0	1	0	0
10	>	OSM-S-498	0	0	0	1	0	0	0	0	0	0	0	0	0	FC(F)Oc1ccc(cc1)c2nnc3cncc(OCCN4CCOCC4)n23	SBJHRXFPKNPJRB-UHFFFAOYSA-N	inactive	4	0	0	1	0	0	0	0	1	0	0
10	>	OSM-S-499	0	0	0	1	0	0	0	0	0	0	0	0	0	FC(F)Oc1ccc(cc1)c2nnc3cncc(OCCN4CCCCC4)n23	VHKQNGVJPUDTLR-UHFFFAOYSA-N	inactive	2	0	0	1	0	0	0	0	1	0	0
10	>	OSM-S-500	0	0	0	1	0	0	0	0	0	0	0	0	0	FC(F)Oc1ccc(cc1)c2nnc3cncc(OCCN4CCCC4)n23	CBYPWHTZBGGIHQ-UHFFFAOYSA-N	inactive	1	0	0	1	0	0	0	0	1	0	0
10	>	OSM-S-501	0	0	0	1	0	0	0	0	0	0	0	0	0	CC(C)(C)OC(=O)N1CCN(CCOc2cncc3nnc(c4ccc(OC(F)F)cc4)n23)CC1	IQWMJMCFKRFOAK-UHFFFAOYSA-N	inactive	5	0	0	1	0	0	0	0	1	0	0
8	>	OSM-S-502	0	0	0	1	0	0	0	0	0	0	0	0	0	OCCc1cn(c2nccn3c(nnc23)c4ccc(OC(F)F)cc4)c5ccccc15	RYGYOYDNHPXBSD-UHFFFAOYSA-N	inactive	1	0	0	1	0	0	0	0	1	0	0
10	>	OSM-S-503	0	0	0	1	0	0	0	0	0	0	0	0	0	FC(F)(F)c1ncc(OCCc2ccccc2)n3c(nnc13)c4ccncc4	CRIOEXIRGOUJPE-UHFFFAOYSA-N	inactive	5	0	0	1	0	0	0	0	1	0	0
10	>	OSM-S-504	0	0	0	1	0	0	0	0	0	0	0	0	0	FC(F)Oc1ccc(cc1)c2nnc3c(ncc(OCCc4ccccc4)n23)C(F)(F)F	JQNJPMCZRDTAFX-UHFFFAOYSA-N	inactive	4	0	0	1	0	0	0	0	1	0	0
10	>	OSM-S-505	0	0	0	1	0	0	0	0	0	0	0	0	0	Oc1ncc(OCCc2ccccc2)n3c(nnc13)c4ccc(OC(F)F)cc4	AUEFCDYZHUAYCQ-UHFFFAOYSA-N	inactive	2	0	0	1	0	0	0	0	1	0	0
10	>	OSM-S-506	0	0	0	1	0	0	0	0	0	0	0	0	0	NS(=O)(=O)c1ccc(cc1)c2nnc3cncc(OCCc4ccc(F)c(F)c4)n23	LAEXWQNXYFZJGR-UHFFFAOYSA-N	inactive	5	0	0	1	0	0	0	0	1	0	0
10	>	OSM-S-507	0	0	0	1	0	0	0	0	0	0	0	0	0	Fc1ccc(CCOc2cncc3nnc(c4ccc(cc4)C(=O)N5CCOCC5)n23)cc1F	UVYBVUBFTPXZED-UHFFFAOYSA-N	inactive	5	0	0	1	0	0	0	0	1	0	0
10	>	OSM-S-508	0	0	0	1	0	0	0	0	0	0	0	0	0	CN1CCN(CC1)C(=O)c2cccc(c2)c3nnc4cncc(OCCc5ccc(F)c(F)c5)n34	AGXBROZGFUYMOG-UHFFFAOYSA-N	inactive	1	0	0	1	0	0	0	0	1	0	0
10	>	OSM-S-509	0	0	0	1	0	0	0	0	0	0	0	0	0	FC(F)Oc1ccc(cc1)c2nnc3c(nccn23)N4CCOCC4	GXUMGQHMGACMED-UHFFFAOYSA-N	inactive	4	0	0	1	0	0	0	0	1	0	0
10	>	OSM-S-510	0	0	0	1	0	0	0	0	0	0	0	0	0	CN1CCN(CC1)C(=O)c2ccc(cc2)c3nnc4cncc(OCCc5ccc(F)c(F)c5)n34	KQGRHFCAJKSETG-UHFFFAOYSA-N	inactive	2	0	0	1	0	0	0	0	1	0	0
9.8	>	OSM-S-511	0	0	0	1	0	0	0	0	0	0	0	0	0	FC(F)Oc1ccc(cc1)c2nnc3cncc(OCC4C[C@@H]5C[C@H]4[C@@H]6O[C@H]56)n23	ODZWUXZHRJYWIV-AUENPLLUSA-N	inactive	3	0	0	1	0	0	0	0	1	0	0
11	>	OSM-S-512	0	0	0	1	0	0	0	0	0	0	0	0	0	FC(F)Oc1ccc(cc1)c2nnc3cncc(OCC4C[C@@H]5C[C@H]4[C@H]6O[C@@H]56)n23	ODZWUXZHRJYWIV-FAXSGNTCSA-N	inactive	2	0	0	1	0	0	0	0	1	0	0
1	>	OSM-S-513	0	0	0	1	0	0	0	0	0	0	0	0	0	OC12C3C4C1C5C2C3C45CCOc6cncc7nnc(c8ccc(OC(F)F)cc8)n67	LLMZELBAKVZCME-UHFFFAOYSA-N	inactive	4	0	0	1	0	0	0	0	1	0	0
3.3	>	OSM-S-514	0	0	0	1	0	0	0	0	0	0	0	0	0	OC12C3C4C5C(C14)C2(CCOc6cncc7nnc(c8ccc(OC(F)F)cc8)n67)C35	HOJTWLDVMYKZDM-UHFFFAOYSA-N	inactive	5	0	0	1	0	0	0	0	1	0	0
19	>	OSM-S-517	0	0	0	1	0	0	0	0	0	0	0	0	0	Fc1ccc(CCOc2cncc3nnc(N4CCOCC4)n23)cc1F	BBKXHWRASNHAOR-UHFFFAOYSA-N	inactive	1	0	0	1	0	0	0	0	1	0	0
1.51	=	OSM-S-518	0	0	0	1	0	0	0	0	0	0	0	0	0	Fc1ccc(CCOc2cncc3nnc(N4CCC(F)(F)CC4)n23)cc1F	QEKAFCQAHVHCHN-UHFFFAOYSA-N	medium	2	0	0	1	0	0	0	0	1	0	0
25	>	OSM-S-521	0	0	0	1	0	0	0	0	0	0	0	0	0	CN1CCN(CC1)c2nnc3cncc(OCCc4ccc(F)c(F)c4)n23	PXDXCQZMCIITIC-UHFFFAOYSA-N	inactive	5	0	0	1	0	0	0	0	1	0	0
25	>	OSM-S-522	0	0	0	1	0	0	0	0	0	0	0	0	0	CN(C)C(=O)c1cccc(c1)c2nnc3cncc(OCCc4ccc(F)c(F)c4)n23	PWLRVFJPMJABKE-UHFFFAOYSA-N	inactive	1	0	0	1	0	0	0	0	1	0	0
25	>	OSM-S-523	0	0	0	1	0	0	0	0	0	0	0	0	0	Fc1ccc(CCOc2cncc3nnc(OCCc4ccc(F)c(F)c4)n23)cc1F	PCFGQRSVXZZXPK-UHFFFAOYSA-N	inactive	4	0	0	1	0	0	0	0	1	0	0
17	>	OSM-S-524	0	0	0	1	0	0	0	0	0	0	0	0	0	Fc1ccc(CCOc2cncc3nnc(c4ccc(cc4)N5CCOCC5)n23)cc1F	YZCOBAJWPPWSFU-UHFFFAOYSA-N	inactive	2	0	0	1	0	0	0	0	1	0	0
0.086	=	OSM-S-525	0	0	0	1	0	0	0	0	0	0	0	0	0	Fc1ccc(CCOc2cncc3nnc(c4ccc5cc[nH]c5c4)n23)cc1F	VHFREJHLTSVZGA-UHFFFAOYSA-N	high	2	0	0	1	0	0	0	0	1	0	0
0.127	=	OSM-S-525	0	0	0	1	0	0	0	0	0	0	0	0	0	Fc1ccc(CCOc2cncc3nnc(c4ccc5cc[nH]c5c4)n23)cc1F	VHFREJHLTSVZGA-UHFFFAOYSA-N	high	1	0	0	1	0	0	0	0	1	0	0
20	>	OSM-S-527	0	0	0	1	0	0	0	0	0	0	0	0	0	Fc1ccc(CCOc2cncc3nnc(c4ccc(cc4)N5CCCCC5)n23)cc1F	IBAQRAIPMINXCX-UHFFFAOYSA-N	inactive	2	0	0	1	0	0	0	0	1	0	0
22	>	OSM-S-528	0	0	0	1	0	0	0	0	0	0	0	0	0	Fc1ccc(CCOc2cncc3nnc(c4ccc(cc4)N5CCCC5)n23)cc1F	MKNMPQGWOUWNLB-UHFFFAOYSA-N	inactive	4	0	0	1	0	0	0	0	1	0	0
25	>	OSM-S-529	0	0	0	1	0	0	0	0	0	0	0	0	0	CC(=O)Nc1ccc(cc1)c2nnc3cncc(OCCc4ccc(F)c(F)c4)n23	PLEIRUOVWBUIKA-UHFFFAOYSA-N	inactive	1	0	0	1	0	0	0	0	1	0	0
25	>	OSM-S-530	0	0	0	1	0	0	0	0	0	0	0	0	0	CC(=O)Nc1cccc(c1)c2nnc3cncc(OCCc4ccc(F)c(F)c4)n23	DFKJCMXUKUTORD-UHFFFAOYSA-N	inactive	3	0	0	1	0	0	0	0	1	0	0
0.059	=	OSM-S-532	0	0	0	1	0	0	0	0	0	0	0	0	0	OCC(COc1cncc2nnc(c3ccc(OC(F)F)cc3)n12)c4cccc(OCc5ccccc5)c4	MNCMMCAPVFCUDR-UHFFFAOYSA-N	high	4	0	0	1	0	0	0	0	1	0	0
0.382	=	OSM-S-533	0	0	0	1	0	0	0	0	0	0	0	0	0	OCC(COc1cncc2nnc(c3ccc(OC(F)F)cc3)n12)c4cccc(O)c4	OKGRHDYGIKFDNY-UHFFFAOYSA-N	high	2	0	0	1	0	0	0	0	1	0	0
2.3	=	OSM-S-538	0	0	0	1	0	0	0	0	0	0	0	0	0	N[C@H](COc1cncc2nnc(c3ccc(OC(F)F)cc3)n12)Cc4ccccc4	FXPPGJNSMWQGRD-INIZCTEOSA-N	medium	2	0	0	1	0	0	0	0	1	0	0
25	>	OSM-S-542	0	0	0	1	0	0	0	0	0	0	0	0	0	Fc1ccc(CCOc2cncc3nnc(n4cccn4)n23)cc1F	ACHYQCFQKMAIMF-UHFFFAOYSA-N	inactive	4	0	0	1	0	0	0	0	1	0	0
19	>	OSM-S-543	0	0	0	1	0	0	0	0	0	0	0	0	0	Fc1ccc(CCOc2nccn3c(nnc23)n4cccn4)cc1F	ZXJLKQGJXOAUOQ-UHFFFAOYSA-N	inactive	4	0	0	1	0	0	0	0	1	0	0
25	>	OSM-S-544	0	0	0	1	0	0	0	0	0	0	0	0	0	Fc1ccc(CCOc2cncc3nnc(Oc4ccc(Cl)cc4)n23)cc1F	ZAKLZMUOIOUUEH-UHFFFAOYSA-N	inactive	1	0	0	1	0	0	0	0	1	0	0
0.434	=	OSM-S-546	0	0	0	1	0	0	0	0	0	0	0	0	0	Fc1ccc(CCOc2cncc3nnc(c4ccc5c[nH]nc5c4)n23)cc1F	CGVAIQJJRYJQMC-UHFFFAOYSA-N	high	3	0	0	1	0	0	0	0	1	0	0
0.045	=	OSM-S-548	0	0	0	1	0	0	0	0	0	0	0	0	0	Nc1cc(ccc1Cl)c2nnc3cncc(OCCc4ccc(F)c(F)c4)n23	UUAZLIWHOSTWRP-UHFFFAOYSA-N	high	2	0	0	1	0	0	0	0	1	0	0
0.144	=	OSM-S-550	0	0	0	1	0	0	0	0	0	0	0	0	0	CCc1ccc(cc1)c2nnc3cncc(OCCc4ccc(F)c(F)c4)n23	GYRZMHSUHLZDJA-UHFFFAOYSA-N	high	4	0	0	1	0	0	0	0	1	0	0
25	>	OSM-S-551	0	0	0	1	0	0	0	0	0	0	0	0	0	OC(=O)c1ccc(cc1)c2nnc3cncc(OCCc4ccc(F)c(F)c4)n23	UMTJNRMURJHRAT-UHFFFAOYSA-N	inactive	1	0	0	1	0	0	0	0	1	0	0
25	>	OSM-S-552	0	0	0	1	0	0	0	0	0	0	0	0	0	OC(=O)c1cccc(c1)c2nnc3cncc(OCCc4ccc(F)c(F)c4)n23	GYFXXYGBOJTVGJ-UHFFFAOYSA-N	inactive	1	0	0	1	0	0	0	0	1	0	0
0.98	=	OSM-S-553	0	0	0	1	0	0	0	0	0	0	0	0	0	[O-][N+](=O)c1ccc(cc1)c2nnc3cncc(OCCc4ccc(F)c(F)c4)n23	ANXKNNLWLQBISN-UHFFFAOYSA-N	high	1	0	0	1	0	0	0	0	1	0	0
25	>	OSM-S-554	0	0	0	1	0	0	0	0	0	0	0	0	0	OC(COc1cncc2nnc(C3CCCNC3)n12)c4ccccc4	SNDLBGDEOQPBOQ-UHFFFAOYSA-N	inactive	4	0	0	1	0	0	0	0	1	0	0
25	>	OSM-S-555	0	0	0	1	0	0	0	0	0	0	0	0	0	Fc1ccc(CCOc2cncc3nnc(C4CCCNC4)n23)cc1F	DRTAQDBSMNPECX-UHFFFAOYSA-N	inactive	2	0	0	1	0	0	0	0	1	0	0
0.146	=	OSM-S-556	0	0	0	1	0	0	0	0	0	0	0	0	0	OCC(O)(COc1cncc2nnc(c3ccc(OC(F)F)cc3)n12)c4ccccc4	LVBNVRWXODMMAV-UHFFFAOYSA-N	high	1	0	0	1	0	0	0	0	1	0	0
0.659	=	OSM-S-556	0	0	0	1	0	0	0	0	0	0	0	0	0	OCC(O)(COc1cncc2nnc(c3ccc(OC(F)F)cc3)n12)c4ccccc4	LVBNVRWXODMMAV-UHFFFAOYSA-N	high	4	0	0	1	0	0	0	0	1	0	0
0.069	=	OSM-S-557	0	0	0	1	0	0	0	0	0	0	0	0	0	OCC(COc1cncc2nnc(c3ccc4cc[nH]c4c3)n12)c5ccccc5	XPFWGOXNOABZNA-UHFFFAOYSA-N	high	2	0	0	1	0	0	0	0	1	0	0
25	>	OSM-S-558	0	0	0	1	0	0	0	0	0	0	0	0	0	CN(C)c1ccc(cc1)C2(COc3cncc4nnc(c5ccc(OC(F)F)cc5)n34)COC(C)(C)O2	QNYUKWXXUMWURS-UHFFFAOYSA-N	inactive	2	0	0	1	0	0	0	0	1	0	0
0.149	=	OSM-S-559	0	0	0	1	0	0	0	0	0	0	0	0	0	CC1(C)OCC(COc2cncc3nnc(c4ccc(OC(F)F)cc4)n23)(O1)c5ccc(F)c(F)c5	AUPGROSOGHDOGI-UHFFFAOYSA-N	high	2	0	0	1	0	0	0	0	1	0	0
0.267	=	OSM-S-560	0	0	0	1	0	0	0	0	0	0	0	0	0	OCC(O)(COc1cncc2nnc(c3ccc(OC(F)F)cc3)n12)c4ccc(F)c(F)c4	GXKONCOXFIUYEL-UHFFFAOYSA-N	high	4	0	0	1	0	0	0	0	1	0	0
0.842	=	OSM-S-560	0	0	0	1	0	0	0	0	0	0	0	0	0	OCC(O)(COc1cncc2nnc(c3ccc(OC(F)F)cc3)n12)c4ccc(F)c(F)c4	GXKONCOXFIUYEL-UHFFFAOYSA-N	high	1	0	0	1	0	0	0	0	1	0	0
25	>	OSM-S-561	0	0	0	1	0	0	0	0	0	0	0	0	0	CC(=O)COc1nccn2c(nnc12)c3ccc(OC(F)F)cc3	MXHWALUHBSFDFZ-UHFFFAOYSA-N	inactive	3	0	0	1	0	0	0	0	1	0	0
0.337	=	OSM-S-562	0	0	0	1	0	0	0	0	0	0	0	0	0	CC1(C)OCC(COc2cncc3nnc(c4ccc(OC(F)F)cc4)n23)(O1)c5ccccc5	VBOKZAGPDKNJEQ-UHFFFAOYSA-N	high	3	0	0	1	0	0	0	0	1	0	0
0.117	=	OSM-S-564	0	0	0	1	0	0	0	0	0	0	0	0	0	FC(F)Oc1ccc(cc1)c2nnc3cncc(OCC[C]4567[BH]89%10[BH]%11%12%13[BH]8%14%15[BH]%11%16%17[BH]%14%18%19[BH]49%15[BH]5%18%20[BH]6%21%22[BH]%12%16([BH]7%10%13%21)[CH]%17%19%20%22)n23	XZOJJAWGNGZQQX-UHFFFAOYSA-N	high	4	0	0	1	0	0	0	0	1	0	0
25	>	OSM-S-565	0	0	0	1	0	0	0	0	0	0	0	0	0	OCC(COc1cncc2nnc(c3ccc(OC(F)F)cc3)n12)c4ccccc4OCc5ccccc5	NGZQBMVQKLXCFS-UHFFFAOYSA-N	inactive	4	0	0	1	0	0	0	0	1	0	0
0.147	=	OSM-S-567	0	0	0	1	0	0	0	0	0	0	0	0	0	FC(F)Oc1ccc(cc1)c2nnc3cncc(OCCc4cccc(OCc5ccccc5)c4)n23	CGZBFPBJKVQMJF-UHFFFAOYSA-N	high	4	0	0	1	0	0	0	0	1	0	0
25	>	OSM-S-568	0	0	0	1	0	0	0	0	0	0	0	0	0	CN(C)c1ccc(cc1)C(O)(CO)COc2cncc3nnc(c4ccc(OC(F)F)cc4)n23	XLVBTEMBQJMBDA-UHFFFAOYSA-N	inactive	4	0	0	1	0	0	0	0	1	0	0
25	>	OSM-S-569	0	0	0	1	0	0	0	0	0	0	0	0	0	FC(F)Oc1ccc(cc1)c2nnc3c(NCCc4ccccc4)nccn23	JFZKBRTVRMLMOX-UHFFFAOYSA-N	inactive	1	0	0	1	0	0	0	0	1	0	0
1.05	=	OSM-S-571	0	0	0	1	0	0	0	0	0	0	0	0	0	FC(F)Oc1ccc(cc1)c2nnc3cncc(SCCc4ccccc4)n23	GFJJCWGNCVLFNL-UHFFFAOYSA-N	medium	1	0	1	0	0	0	0	0	1	0	0
25	>	OSM-S-573	0	0	0	1	0	0	0	0	0	0	0	0	0	C(Cc1ccccc1)Oc2cncc3nnc(C4CCOCC4)n23	YFBDXIIKLFDPQE-UHFFFAOYSA-N	inactive	2	0	0	1	0	0	0	0	1	0	0
25	>	OSM-S-574	0	0	0	1	0	0	0	0	0	0	0	0	0	CC(C)(C)OC(=O)N1CCC(C1)c2nnc3cncc(OCCc4ccccc4)n23	HGLXYGXXFKFILC-UHFFFAOYSA-N	inactive	4	0	0	1	0	0	0	0	1	0	0
25	>	OSM-S-575	0	0	0	1	0	0	0	0	0	0	0	0	0	C(Cc1ccccc1)Oc2cncc3nnc(C4CCOC4)n23	SBUYDARTZYGJBS-UHFFFAOYSA-N	inactive	3	0	0	1	0	0	0	0	1	0	0
25	>	OSM-S-576	0	0	0	1	0	0	0	0	0	0	0	0	0	C(Cc1ccccc1)Oc2cncc3nnc(C4CCNCC4)n23	QWXIVICLDFUZFI-UHFFFAOYSA-N	inactive	1	0	0	1	0	0	0	0	1	0	0
25	>	OSM-S-577	0	0	0	1	0	0	0	0	0	0	0	0	0	C(Cc1ccccc1)Oc2cncc3nnc(C4CCNC4)n23	XMFSPYQJWNPEAS-UHFFFAOYSA-N	inactive	2	0	0	1	0	0	0	0	1	0	0
1.32	=	OSM-S-578	0	0	0	1	0	0	0	0	0	0	0	0	0	FC(F)Oc1ccc(cc1)c2nnc3cncc(OCCCc4ccccc4)n23	JNQZAPNWBVAOJV-UHFFFAOYSA-N	medium	4	0	0	1	0	0	0	0	1	0	0
25	>	OSM-S-579	0	0	0	1	0	0	0	0	0	0	0	0	0	FC(F)Oc1ccc(cc1)c2nnc3cncc(Oc4ccccc4)n23	UTIUAZFJLHTVFG-UHFFFAOYSA-N	inactive	4	0	0	1	0	0	0	0	1	0	0
1.21	=	OSM-S-580	0	0	0	1	0	0	0	0	0	0	0	0	0	FC(F)Oc1ccc(cc1)c2nnc3cncc(OCCOc4ccccc4)n23	LIQWNTBRXAAMDF-UHFFFAOYSA-N	medium	2	0	0	1	0	0	0	0	1	0	0
25	>	OSM-S-581	0	0	0	1	0	0	0	0	0	0	0	0	0	Fc1ccc(CCOc2cncc3nnc(n4ccnc4)n23)cc1F	WQBHKNFYSCUMJC-UHFFFAOYSA-N	inactive	3	0	0	1	0	0	0	0	1	0	0
0.375	=	OSM-S-582	0	0	0	1	0	0	0	0	0	0	0	0	0	Cn1ccc2ccc(cc12)c3nnc4cncc(OCCc5ccc(F)c(F)c5)n34	YDNZCOWSOGIBPE-UHFFFAOYSA-N	high	4	0	0	1	0	0	0	0	1	0	0
25	>	OSM-S-583	0	0	0	1	0	0	0	0	0	0	0	0	0	Fc1ccc(CCOc2cncc3nnc(c4ccc5CC(=O)Nc5c4)n23)cc1F	PUDALCIATSASSD-UHFFFAOYSA-N	inactive	3	0	0	1	0	0	0	0	1	0	0
1.01	=	OSM-S-584	0	0	0	1	0	0	0	0	0	0	0	0	0	Fc1ccc(CCOc2cncc3nnc(c4ccc5CCNc5c4)n23)cc1F	FNBXJZBLBXZUFU-UHFFFAOYSA-N	medium	4	0	0	1	0	0	0	0	1	0	0
0.813	=	OSM-S-585	0	0	0	1	0	0	0	0	0	0	0	0	0	Nc1cc(ccc1F)c2nnc3cncc(OCCc4ccc(F)c(F)c4)n23	VZPHEOZUAXBEIA-UHFFFAOYSA-N	high	2	0	0	1	0	0	0	0	1	0	0
25	>	OSM-S-586;OSM-S-636	0	0	0	1	0	0	0	0	0	0	0	0	0	Fc1ccc(CCOc2cncc3nnc(c4ccc5[nH]cnc5c4)n23)cc1F	OKICKLNNAMYKHW-UHFFFAOYSA-N	inactive	2	0	0	1	0	0	0	0	1	0	0
25	>	OSM-S-586;OSM-S-636	0	0	0	1	0	0	0	0	0	0	0	0	0	Fc1ccc(CCOc2cncc3nnc(c4ccc5[nH]cnc5c4)n23)cc1F	OKICKLNNAMYKHW-UHFFFAOYSA-N	inactive	4	0	0	1	0	0	0	0	1	0	0
25	>	OSM-S-588	0	0	0	1	0	0	0	0	0	0	0	0	0	O[C@@H](CNc1cncc2nnc(c3ccc(OC(F)F)cc3)n12)c4ccccc4	MOIHJTIFLGFROE-INIZCTEOSA-N	inactive	2	0	0	1	0	0	0	0	1	0	0
25	>	OSM-S-589	0	0	0	1	0	0	0	0	0	0	0	0	0	O[C@H](CNc1cncc2nnc(c3ccc(OC(F)F)cc3)n12)c4ccccc4	MOIHJTIFLGFROE-MRXNPFEDSA-N	inactive	3	0	0	1	0	0	0	0	1	0	0
25	>	OSM-S-591	0	0	0	1	0	0	0	0	0	0	0	0	0	COc1ccc(CCNc2cncc3nnc(c4ccc(OC(F)F)cc4)n23)cc1OC	VDXJYWCEOGLVSA-UHFFFAOYSA-N	inactive	3	0	0	1	0	0	0	0	1	0	0
0.627	=	OSM-S-607	0	0	0	1	0	0	0	0	0	0	0	0	0	CC(COc1cncc2nnc(c3ccc(OC(F)F)cc3)n12)c4ccccc4	YELIMUUXHYJNPF-UHFFFAOYSA-N	high	3	0	0	1	0	0	0	0	1	0	0
0.282	=	OSM-S-608	0	0	0	1	0	0	0	0	0	0	0	0	0	FC(F)Oc1ccc(cc1)c2nnc3cncc(OCCc4cccs4)n23	RMZMYNQAPRIYLW-UHFFFAOYSA-N	high	3	0	0	1	0	0	0	0	1	0	0
25	>	OSM-S-622	0	0	0	1	0	0	0	0	0	0	0	0	0	COc1ccc(cc1)c2nnc3c(OCCc4ccccc4)nccn23	KNDAUWHMGBUKCB-UHFFFAOYSA-N	inactive	3	0	0	1	0	0	0	0	1	0	0
1.827	=	OSM-S-623	0	0	0	1	0	0	0	0	0	0	0	0	0	COc1ccc(cc1)c2nnc3cncc(OCCc4ccccc4)n23	FOEYJDQRLPZFOG-UHFFFAOYSA-N	medium	4	0	0	1	0	0	0	0	1	0	0
1.693	=	OSM-S-624	0	0	0	1	0	0	0	0	0	0	0	0	0	[O-][N+](=O)c1ccc(cc1)c2nnc3cncc(OCCc4ccccc4)n23	XKYBKXJISXRHEZ-UHFFFAOYSA-N	medium	3	0	0	1	0	0	0	0	1	0	0
25	>	OSM-S-625	0	0	0	1	0	0	0	0	0	0	0	0	0	[O-][N+](=O)c1ccc(cc1)c2nnc3c(OCCc4ccccc4)nccn23	QMCCJGVEGJOFQH-UHFFFAOYSA-N	inactive	3	0	0	1	0	0	0	0	1	0	0
25	>	OSM-S-626	0	0	0	1	0	0	0	0	0	0	0	0	0	COc1ccc(cc1)c2nnc3cncc(SCCc4ccccc4)n23	XKLPATLXLSUHOI-UHFFFAOYSA-N	inactive	3	0	0	1	0	0	0	0	1	0	0
25	>	OSM-S-627	0	0	0	1	0	0	0	0	0	0	0	0	0	COc1ccc(cc1)c2nnc3c(SCCc4ccccc4)nccn23	GEUZYLOQEWPPTC-UHFFFAOYSA-N	inactive	3	0	0	1	0	0	0	0	1	0	0
25	>	OSM-S-629	0	0	0	1	0	0	0	0	0	0	0	0	0	[O-][N+](=O)c1ccc(cc1)c2nnc3c(SCCc4ccccc4)nccn23	NHMKPHMAQGUBEJ-UHFFFAOYSA-N	inactive	3	0	0	1	0	0	0	0	1	0	0
25	>	OSM-S-630	0	0	0	1	0	0	0	0	0	0	0	0	0	C(Cc1ccccc1)Nc2nccn3c(nnc23)c4ccccc4	UVSSRDWLOVROPH-UHFFFAOYSA-N	inactive	3	0	0	1	0	0	0	0	1	0	0
25	>	OSM-S-632	0	0	0	1	0	0	0	0	0	0	0	0	0	COc1ccc(cc1)c2nnc3c(NCCc4ccccc4)nccn23	ZZFSYDDMUBYAFS-UHFFFAOYSA-N	inactive	3	0	0	1	0	0	0	0	1	0	0
25	>	OSM-S-633	0	0	0	1	0	0	0	0	0	0	0	0	0	[O-][N+](=O)c1ccc(cc1)c2nnc3c(NCCc4ccccc4)nccn23	HFBSNRIFQOQABE-UHFFFAOYSA-N	inactive	4	0	0	1	0	0	0	0	1	0	0
25	>	OSM-S-635	0	0	0	1	0	0	0	0	0	0	0	0	0	Fc1ccc(CCOc2cncc3nnc(OCc4cccnc4)n23)cc1F	KXBYYTPVSDHELS-UHFFFAOYSA-N	inactive	2	0	0	1	0	0	0	0	1	0	0
25	>	OSM-S-638	0	0	0	1	0	0	0	0	0	0	0	0	0	FC(F)Oc1ccc(cc1)c2nnc3cncc(NCc4ccccc4)n23	GWROJQFCRZTYNJ-UHFFFAOYSA-N	inactive	5	0	0	1	0	0	0	0	1	0	0
25	>	OSM-S-639	0	0	0	1	0	0	0	0	0	0	0	0	0	OCC(COc1cncc2nnc(c3ccc(OC(F)F)cc3)n12)(COc4cncc5nnc(c6ccc(OC(F)F)cc6)n45)c7ccccc7	SBKLVTZSIUTYAA-UHFFFAOYSA-N	inactive	1	0	0	1	0	0	0	0	1	0	0
0.698	=	OSM-W-5	0	0	0	0	0	0	0	0	0	0	0	1	0	CS(=O)(=O)c1ccc(cc1)c2nnc3cncc(OCCc4ccc(F)c(F)c4)n23	ISCYIQSGKXBNIC-UHFFFAOYSA-N	high	3	1	0	0	0	0	0	0	1	0	0
1.486	=	OSM-W-5	0	0	0	0	0	0	0	0	0	0	0	0	1	CS(=O)(=O)c1ccc(cc1)c2nnc3cncc(OCCc4ccc(F)c(F)c4)n23	ISCYIQSGKXBNIC-UHFFFAOYSA-N	medium	3	1	0	0	0	0	0	0	1	0	0
0.701	=	OSM-W-8	0	0	0	0	0	0	0	0	0	0	0	0	1	Fc1ccc(CCOc2cncc3nnc(c4ccc(cc4)C#N)n23)cc1	YZWJDRUGHLMWSX-UHFFFAOYSA-N	high	3	0	0	1	0	0	0	0	1	0	0
0.934	=	OSM-W-8	0	0	0	0	0	0	0	0	0	0	0	1	0	Fc1ccc(CCOc2cncc3nnc(c4ccc(cc4)C#N)n23)cc1	YZWJDRUGHLMWSX-UHFFFAOYSA-N	high	3	0	0	1	0	0	0	0	1	0	0
0.264	=	OSM-W-9	0	0	0	0	0	0	0	0	0	0	0	0	1	Fc1ccc(CCOc2cncc3nnc(c4ccc(cc4)C#N)n23)cc1F	QCWAKDMVWCGQRY-UHFFFAOYSA-N	high	3	0	0	1	0	0	0	0	1	0	0
0.294	=	OSM-W-9	0	0	0	0	0	0	0	0	0	0	0	1	0	Fc1ccc(CCOc2cncc3nnc(c4ccc(cc4)C#N)n23)cc1F	QCWAKDMVWCGQRY-UHFFFAOYSA-N	high	3	0	0	1	0	0	0	0	1	0	0
0.123	=	OSM-W-10	0	0	0	0	0	0	0	0	0	0	0	0	1	Fc1ccc(CCOc2cncc3nnc(c4ccc(Cl)cc4)n23)cc1	XVAUKWCYBQWUDV-UHFFFAOYSA-N	high	3	0	0	1	0	0	0	0	1	0	0
0.159	=	OSM-W-10	0	0	0	0	0	0	0	0	0	0	0	1	0	Fc1ccc(CCOc2cncc3nnc(c4ccc(Cl)cc4)n23)cc1	XVAUKWCYBQWUDV-UHFFFAOYSA-N	high	1	0	0	1	0	0	0	0	1	0	0
50	>	OSM-E-18	0	0	1	0	0	0	0	0	0	0	0	0	0	Clc1cccc(NN=Cc2ccc(cc2)C#N)n1	WOEMAXIGZYIWII-UHFFFAOYSA-N	inactive	3	1	0	0	0	0	0	0	0	1	0
50	>	OSM-E-19	0	0	1	0	0	0	0	0	0	0	0	0	0	Clc1cccc2nnc(c3ccc(cc3)C#N)n12	ROKQDRVNUIOPKS-UHFFFAOYSA-N	inactive	5	1	0	0	0	0	0	0	0	1	0
50	>	OSM-E-20	0	0	1	0	0	0	0	0	0	0	0	0	0	FC(F)(F)c1cc(NC(=O)c2cccc(Cl)n2)ccn1	VNCOWSRRKZJWES-UHFFFAOYSA-N	inactive	1	1	0	0	0	0	0	0	0	1	0
50	>	OSM-E-21	0	0	1	0	0	0	0	0	0	0	0	0	0	FC(F)(F)c1cc(NC(=O)c2cccc(NN=Cc3ccc(cc3)C#N)n2)ccn1	HITQOKWUFWDBPF-UHFFFAOYSA-N	inactive	2	1	0	0	0	0	0	0	0	1	0
50	>	OSM-E-22	0	0	1	0	0	0	0	0	0	0	0	0	0	FC(F)(F)c1cc(NC(=O)c2cccc3nnc(c4ccc(cc4)C#N)n23)ccn1	PGPJMFWOQCDCCV-UHFFFAOYSA-N	inactive	4	1	0	0	0	0	0	0	0	1	0
5	>	OSM-S-410	0	0	0	1	0	0	0	0	0	0	0	0	0	FC(F)Oc1ccc(cc1)c2nnc3C(=O)NC=C(C(=O)Nc4ccc(Cl)cc4)n23	SOVUBMPMKMEPEE-UHFFFAOYSA-N	inactive	1	0	0	1	0	0	0	0	0	1	0
25	>	OSM-S-631	0	0	0	1	0	0	0	0	0	0	0	0	0	COc1ccc(cc1)c2n[nH]c(n2)c3nccn3CCc4ccccc4	GMUJQXIGXGQBCQ-UHFFFAOYSA-N	inactive	5	0	0	1	0	0	0	0	0	1	0
1.033	=	OSM-S-194	0	1	0	0	0	0	0	0	0	0	0	0	0	C(N1CCC2(CC1)OCCc3c2[nH]c4ccccc34)c5ccccc5	ZZRXZXUKZZBHSK-UHFFFAOYSA-N	medium	1	1	0	0	0	0	0	0	0	0	1
